[backblue.gif]
[fade.gif]
[index.html]
[dap.digitalgov.gov/Universal-Federated-Analytics-Min91b7.js]
[www.itl.nist.gov/div898/handbook/index.html]
[www.itl.nist.gov/div898/handbook/gifs/nstsmtch.gif]
[www.itl.nist.gov/div898/handbook/gifs/hm1.gif]
[www.itl.nist.gov/div898/handbook/navi.html]
[www.itl.nist.gov/div898/handbook/nist-header-footer/js/jquery-1.9.0.min.js]
[www.itl.nist.gov/div898/handbook/nist-header-footer/js/nist-header-footer.js]
[www.itl.nist.gov/div898/handbook/gifs/hm2.gif]
[www.itl.nist.gov/div898/handbook/index2.html]
[www.itl.nist.gov/div898/handbook/gifs/nvgtbr.gif]
[www.itl.nist.gov/div898/handbook/gifs/nvgbrbtm.gif]
[www.itl.nist.gov/div898/handbook/stoc.html]
[www.itl.nist.gov/div898/handbook/eda/eda.html]
[www.itl.nist.gov/div898/handbook/mpc/mpc.html]
[www.itl.nist.gov/div898/handbook/ppc/ppc.html]
[www.itl.nist.gov/div898/handbook/pmd/pmd.html]
[www.itl.nist.gov/div898/handbook/pri/pri.html]
[www.itl.nist.gov/div898/handbook/pmc/pmc.html]
[www.itl.nist.gov/div898/handbook/prc/prc.html]
[www.itl.nist.gov/div898/handbook/apr/apr.html]
[www.itl.nist.gov/div898/handbook/gifs/nvgtbrbtm.gif]
[www.itl.nist.gov/div898/handbook/dtoc.html]
[www.itl.nist.gov/div898/handbook/search.html]
[www.itl.nist.gov/div898/handbook/js/jquery-1.7.2.min.js]
[www.itl.nist.gov/div898/handbook/js/jquery.leaveNotice.min.js]
[www.itl.nist.gov/div898/handbook/acknwldg.html]
[www.itl.nist.gov/div898/handbook/natrella.pdf]
[www.itl.nist.gov/div898/handbook/toolaids.html]
[www.itl.nist.gov/div898/handbook/howto.html]
[www.itl.nist.gov/div898/handbook/changes.html]
[www.itl.nist.gov/div898/handbook/toolaids/pff/eda.pdf]
[www.itl.nist.gov/div898/handbook/toolaids/pff/mpc.pdf]
[www.itl.nist.gov/div898/handbook/toolaids/pff/ppc.pdf]
[www.itl.nist.gov/div898/handbook/toolaids/pff/pmd.pdf]
[www.itl.nist.gov/div898/handbook/toolaids/pff/pri.pdf]
[www.itl.nist.gov/div898/handbook/toolaids/pff/pmc.pdf]
[www.itl.nist.gov/div898/handbook/toolaids/pff/prc.pdf]
[www.itl.nist.gov/div898/handbook/toolaids/pff/apr.pdf]
[www.itl.nist.gov/div898/handbook/toolaids/pff/eda.pdf.zip]
[www.itl.nist.gov/div898/handbook/toolaids/pff/mpc.pdf.zip]
[www.itl.nist.gov/div898/handbook/toolaids/pff/ppc.pdf.zip]
[www.itl.nist.gov/div898/handbook/toolaids/pff/pmd.pdf.zip]
[www.itl.nist.gov/div898/handbook/toolaids/pff/pri.pdf.zip]
[www.itl.nist.gov/div898/handbook/toolaids/pff/pmc.pdf.zip]
[www.itl.nist.gov/div898/handbook/toolaids/pff/prc.pdf.zip]
[www.itl.nist.gov/div898/handbook/toolaids/pff/E-Handbook.pdf]
[www.itl.nist.gov/div898/handbook/toolaids/pff/index.html]
[www.itl.nist.gov/div898/handbook/index-2.html]
[www.itl.nist.gov/div898/handbook/eda/section1/eda1.html]
[www.itl.nist.gov/div898/handbook/eda/section2/eda2.html]
[www.itl.nist.gov/div898/handbook/eda/section3/eda3.html]
[www.itl.nist.gov/div898/handbook/eda/section4/eda4.html]
[www.itl.nist.gov/div898/handbook/mpc/section1/mpc1.html]
[www.itl.nist.gov/div898/handbook/mpc/section2/mpc2.html]
[www.itl.nist.gov/div898/handbook/toolaids/pff/E-Handbook.pdf.zip]
[www.itl.nist.gov/div898/handbook/mpc/section3/mpc3.html]
[www.itl.nist.gov/div898/handbook/mpc/section4/mpc4.html]
[www.itl.nist.gov/div898/handbook/mpc/section5/mpc5.html]
[www.itl.nist.gov/div898/handbook/mpc/section6/mpc6.html]
[www.itl.nist.gov/div898/handbook/ppc/section1/ppc1.html]
[www.itl.nist.gov/div898/handbook/ppc/section2/ppc2.html]
[www.itl.nist.gov/div898/handbook/ppc/section3/ppc3.html]
[www.itl.nist.gov/div898/handbook/ppc/section4/ppc4.html]
[www.itl.nist.gov/div898/handbook/ppc/section5/ppc5.html]
[www.itl.nist.gov/div898/handbook/pmd/section1/pmd1.html]
[www.itl.nist.gov/div898/handbook/pmd/section2/pmd2.html]
[www.itl.nist.gov/div898/handbook/pmd/section3/pmd3.html]
[www.itl.nist.gov/div898/handbook/pmd/section4/pmd4.html]
[www.itl.nist.gov/div898/handbook/pmd/section5/pmd5.html]
[www.itl.nist.gov/div898/handbook/pmd/section6/pmd6.html]
[www.itl.nist.gov/div898/handbook/pri/section1/pri1.html]
[www.itl.nist.gov/div898/handbook/pri/section2/pri2.html]
[www.itl.nist.gov/div898/handbook/pri/section3/pri3.html]
[www.itl.nist.gov/div898/handbook/pri/section4/pri4.html]
[www.itl.nist.gov/div898/handbook/pri/section5/pri5.html]
[www.itl.nist.gov/div898/handbook/pri/section6/pri6.html]
[www.itl.nist.gov/div898/handbook/pmc/section1/pmc1.html]
[www.itl.nist.gov/div898/handbook/pmc/section2/pmc2.html]
[www.itl.nist.gov/div898/handbook/pmc/section3/pmc3.html]
[www.itl.nist.gov/div898/handbook/pmc/section4/pmc4.html]
[www.itl.nist.gov/div898/handbook/pmc/section5/pmc5.html]
[www.itl.nist.gov/div898/handbook/pmc/section6/pmc6.html]
[www.itl.nist.gov/div898/handbook/prc/section1/prc1.html]
[www.itl.nist.gov/div898/handbook/prc/section2/prc2.html]
[www.itl.nist.gov/div898/handbook/prc/section3/prc3.html]
[www.itl.nist.gov/div898/handbook/prc/section4/prc4.html]
[www.itl.nist.gov/div898/handbook/apr/section1/apr1.html]
[www.itl.nist.gov/div898/handbook/apr/section2/apr2.html]
[www.itl.nist.gov/div898/handbook/apr/section3/apr3.html]
[www.itl.nist.gov/div898/handbook/apr/section4/apr4.html]
[www.itl.nist.gov/div898/handbook/referenc.html]
[www.itl.nist.gov/div898/handbook/eda/section1/eda11.html]
[www.itl.nist.gov/div898/handbook/eda/section1/eda12.html]
[www.itl.nist.gov/div898/handbook/eda/section1/eda13.html]
[www.itl.nist.gov/div898/handbook/eda/section1/eda14.html]
[www.itl.nist.gov/div898/handbook/eda/section1/eda15.html]
[www.itl.nist.gov/div898/handbook/eda/section1/gif/anscomb1.gif]
[www.itl.nist.gov/div898/handbook/eda/section1/gif/anscomb4.gif]
[www.itl.nist.gov/div898/handbook/eda/section1/eda16.html]
[www.itl.nist.gov/div898/handbook/eda/section1/eda17.html]
[www.itl.nist.gov/div898/handbook/eda/section2/eda21.html]
[www.itl.nist.gov/div898/handbook/eda/section2/eda22.html]
[www.itl.nist.gov/div898/handbook/eda/gif/randn4p.gif]
[www.itl.nist.gov/div898/handbook/eda/gif/lew4p.gif]
[www.itl.nist.gov/div898/handbook/eda/section2/eda23.html]
[www.itl.nist.gov/div898/handbook/eda/section2/eda24.html]
[www.itl.nist.gov/div898/handbook/eda/section2/eda25.html]
[www.itl.nist.gov/div898/handbook/eda/section3/eda31.html]
[www.itl.nist.gov/div898/handbook/eda/section3/eda32.html]
[www.itl.nist.gov/div898/handbook/eda/gif100/autocopl.gif]
[www.itl.nist.gov/div898/handbook/eda/gif100/bihistog.gif]
[www.itl.nist.gov/div898/handbook/eda/gif100/blockplo.gif]
[www.itl.nist.gov/div898/handbook/eda/section3/gif100/bootstra.gif]
[www.itl.nist.gov/div898/handbook/eda/section3/gif100/boxcoxli.gif]
[www.itl.nist.gov/div898/handbook/eda/section3/gif100/boxcox.gif]
[www.itl.nist.gov/div898/handbook/eda/gif100/boxplot.gif]
[www.itl.nist.gov/div898/handbook/eda/gif100/cdampplo.gif]
[www.itl.nist.gov/div898/handbook/eda/gif100/cdphasep.gif]
[www.itl.nist.gov/div898/handbook/eda/gif100/contourp.gif]
[www.itl.nist.gov/div898/handbook/eda/gif100/dexscatp.gif]
[www.itl.nist.gov/div898/handbook/eda/gif100/dexmeanp.gif]
[www.itl.nist.gov/div898/handbook/eda/section3/gif100/dexsdplo.gif]
[www.itl.nist.gov/div898/handbook/eda/gif100/histogra.gif]
[www.itl.nist.gov/div898/handbook/eda/gif100/lagplot.gif]
[www.itl.nist.gov/div898/handbook/eda/gif100/lincorrp.gif]
[www.itl.nist.gov/div898/handbook/eda/gif100/linintpl.gif]
[www.itl.nist.gov/div898/handbook/eda/gif100/linslopl.gif]
[www.itl.nist.gov/div898/handbook/eda/gif100/linrsdpl.gif]
[www.itl.nist.gov/div898/handbook/eda/section3/gif100/meanplot.gif]
[www.itl.nist.gov/div898/handbook/eda/gif100/normprpl.gif]
[www.itl.nist.gov/div898/handbook/eda/section3/gif100/probplot.gif]
[www.itl.nist.gov/div898/handbook/eda/gif100/ppccplot.gif]
[www.itl.nist.gov/div898/handbook/eda/section3/gif100/qqplot.gif]
[www.itl.nist.gov/div898/handbook/eda/gif100/runseqpl.gif]
[www.itl.nist.gov/div898/handbook/eda/gif100/scatterp.gif]
[www.itl.nist.gov/div898/handbook/eda/gif100/spectrum.gif]
[www.itl.nist.gov/div898/handbook/eda/gif100/sdplot.gif]
[www.itl.nist.gov/div898/handbook/eda/gif100/starplot.gif]
[www.itl.nist.gov/div898/handbook/eda/gif100/weibullp.gif]
[www.itl.nist.gov/div898/handbook/eda/gif100/youdenpl.gif]
[www.itl.nist.gov/div898/handbook/eda/gif100/4plot.gif]
[www.itl.nist.gov/div898/handbook/eda/gif100/6plot.gif]
[www.itl.nist.gov/div898/handbook/eda/section3/eda33.html]
[www.itl.nist.gov/div898/handbook/eda/gif100/meanplot.gif]
[www.itl.nist.gov/div898/handbook/eda/section3/eda34.html]
[www.itl.nist.gov/div898/handbook/eda/section3/eda35.html]
[www.itl.nist.gov/div898/handbook/eda/section3/eda36.html]
[www.itl.nist.gov/div898/handbook/eda/section4/eda41.html]
[cdn.jsdelivr.net/npm/mathjax@3/es5/tex-mml-chtml.js]
[www.itl.nist.gov/div898/handbook/eda/gif100/randn4p.gif]
[www.itl.nist.gov/div898/handbook/eda/gif100/randu4p.gif]
[www.itl.nist.gov/div898/handbook/eda/gif100/randwa4p.gif]
[www.itl.nist.gov/div898/handbook/eda/gif100/soulen4p.gif]
[www.itl.nist.gov/div898/handbook/eda/gif100/lew4p.gif]
[www.itl.nist.gov/div898/handbook/eda/gif100/mavro4p.gif]
[www.itl.nist.gov/div898/handbook/eda/gif100/dziuba4p.gif]
[www.itl.nist.gov/div898/handbook/eda/gif100/zarr134p.gif]
[www.itl.nist.gov/div898/handbook/eda/gif100/fuller2.gif]
[www.itl.nist.gov/div898/handbook/eda/section4/eda42.html]
[www.itl.nist.gov/div898/handbook/eda/eda_d.html]
[www.itl.nist.gov/div898/handbook/eda/section4/eda43.html]
[www.itl.nist.gov/div898/handbook/eda/section4/eda44.html]
[www.itl.nist.gov/div898/handbook/mpc/section1/mpc11.html]
[www.itl.nist.gov/div898/handbook/mpc/section1/mpc12.html]
[www.itl.nist.gov/div898/handbook/mpc/section2/mpc21.html]
[www.itl.nist.gov/div898/handbook/mpc/section2/mpc22a.gif]
[www.itl.nist.gov/div898/handbook/pmc/section3/gifs/ewma.gif]
[www.itl.nist.gov/div898/handbook/mpc/section2/mpc22.html]
[www.itl.nist.gov/div898/handbook/mpc/section2/mpc23.html]
[www.itl.nist.gov/div898/handbook/mpc/section3/mpc31.html]
[www.itl.nist.gov/div898/handbook/mpc/section3/mpc32.html]
[www.itl.nist.gov/div898/handbook/mpc/section3/mpc33.html]
[www.itl.nist.gov/div898/handbook/mpc/section3/mpc34.html]
[www.itl.nist.gov/div898/handbook/mpc/section3/mpc35.html]
[www.itl.nist.gov/div898/handbook/mpc/section3/mpc36.gif]
[www.itl.nist.gov/div898/handbook/mpc/section3/mpc36.html]
[www.itl.nist.gov/div898/handbook/mpc/section3/mpc37.html]
[www.itl.nist.gov/div898/handbook/mpc/section4/mpc41.html]
[www.itl.nist.gov/div898/handbook/mpc/section4/mpc42.html]
[www.itl.nist.gov/div898/handbook/mpc/section4/mpc43.html]
[www.itl.nist.gov/div898/handbook/mpc/section3/mpc37.dp]
[www.itl.nist.gov/div898/handbook/mpc/section4/mpc44j.gif]
[www.itl.nist.gov/div898/handbook/mpc/section4/mpc44k.gif]
[www.itl.nist.gov/div898/handbook/mpc/section4/mpc44.html]
[www.itl.nist.gov/div898/handbook/mpc/section4/mpc45.html]
[www.itl.nist.gov/div898/handbook/mpc/section4/mpc46.html]
[www.itl.nist.gov/div898/handbook/mpc/section5/mpc51.html]
[www.itl.nist.gov/div898/handbook/mpc/section5/mpc52.html]
[www.itl.nist.gov/div898/handbook/mpc/section5/mpc53.html]
[www.itl.nist.gov/div898/handbook/mpc/section5/mpc54.html]
[www.itl.nist.gov/div898/handbook/mpc/section5/mpc55.html]
[www.itl.nist.gov/div898/handbook/mpc/section5/mpc56.html]
[www.itl.nist.gov/div898/handbook/mpc/section5/mpc57.html]
[www.itl.nist.gov/div898/handbook/mpc/section5/mpc58.html]
[www.itl.nist.gov/div898/handbook/mpc/section6/mpc61.html]
[www.itl.nist.gov/div898/handbook/mpc/section6/mpc62.html]
[www.itl.nist.gov/div898/handbook/mpc/section6/mpc63.html]
[cdn.mathjax.org/mathjax/latest/MathJax47f2.js]
[www.itl.nist.gov/div898/handbook/mpc/section6/mpc64.html]
[www.itl.nist.gov/div898/handbook/mpc/mpc_d.html]
[www.itl.nist.gov/div898/handbook/mpc/section7/mpc7.html]
[www.itl.nist.gov/div898/handbook/ppc/section1/ppc11.html]
[www.itl.nist.gov/div898/handbook/ppc/section1/ppc12.html]
[www.itl.nist.gov/div898/handbook/ppc/section1/ppc13.html]
[www.itl.nist.gov/div898/handbook/ppc/section1/ppc14.html]
[www.itl.nist.gov/div898/handbook/ppc/section2/ppc21.html]
[www.itl.nist.gov/div898/handbook/ppc/section2/ppc22.html]
[www.itl.nist.gov/div898/handbook/ppc/section3/ppc31.html]
[www.itl.nist.gov/div898/handbook/ppc/section1/gifs/img1351.gif]
[www.itl.nist.gov/div898/handbook/ppc/section3/ppc32.html]
[www.itl.nist.gov/div898/handbook/ppc/section3/ppc33.html]
[www.itl.nist.gov/div898/handbook/ppc/section4/ppc41.html]
[www.itl.nist.gov/div898/handbook/ppc/section4/ppc42.html]
[www.itl.nist.gov/div898/handbook/ppc/section4/ppc43.html]
[www.itl.nist.gov/div898/handbook/ppc/section1/gifs/img1352.gif]
[www.itl.nist.gov/div898/handbook/ppc/section4/gifs/furn1.gif]
[www.itl.nist.gov/div898/handbook/ppc/section4/ppc44.html]
[www.itl.nist.gov/div898/handbook/ppc/section4/ppc45.html]
[www.itl.nist.gov/div898/handbook/ppc/section4/ppc46.html]
[www.itl.nist.gov/div898/handbook/ppc/section4/gifs/cap.gif]
[www.itl.nist.gov/div898/handbook/ppc/section4/gifs/tran1.gif]
[www.itl.nist.gov/div898/handbook/ppc/section4/ppc47.html]
[www.itl.nist.gov/div898/handbook/ppc/section5/ppc51.html]
[www.itl.nist.gov/div898/handbook/ppc/section5/ppc52.html]
[www.itl.nist.gov/div898/handbook/ppc/ppc_d.html]
[www.itl.nist.gov/div898/handbook/ppc/section6/ppc6.html]
[www.itl.nist.gov/div898/handbook/ppc/section4/gifs/tran2.gif]
[www.itl.nist.gov/div898/handbook/pmd/section1/plots/gipm1.gif]
[www.itl.nist.gov/div898/handbook/pmd/section1/plots/gipm1.r.gif]
[www.itl.nist.gov/div898/handbook/pmd/section1/plots/gipm2.gif]
[www.itl.nist.gov/div898/handbook/pmd/section1/plots/gipm2.r.gif]
[www.itl.nist.gov/div898/handbook/pmd/section1/plots/gipm3.gif]
[www.itl.nist.gov/div898/handbook/pmd/section1/pmd11.html]
[www.itl.nist.gov/div898/handbook/pmd/section1/pmd12.html]
[www.itl.nist.gov/div898/handbook/pmd/section1/pmd13.html]
[www.itl.nist.gov/div898/handbook/pmd/section1/pmd14.html]
[www.itl.nist.gov/div898/handbook/pmd/section2/pmd21.html]
[www.itl.nist.gov/div898/handbook/pmd/section3/pmd31.html]
[www.itl.nist.gov/div898/handbook/pmd/section3/pmd32.html]
[www.itl.nist.gov/div898/handbook/pmd/section3/pmd33.html]
[www.itl.nist.gov/div898/handbook/pmd/section1/plots/gipm3.r.gif]
[www.itl.nist.gov/div898/handbook/pmd/section3/eqns/n.gif]
[www.itl.nist.gov/div898/handbook/pmd/section3/pmd34.html]
[www.itl.nist.gov/div898/handbook/pmd/section3/pmd35.html]
[www.itl.nist.gov/div898/handbook/pmd/section4/pmd41.html]
[www.itl.nist.gov/div898/handbook/pmd/section4/pmd42.html]
[www.itl.nist.gov/div898/handbook/pmd/section4/pmd43.html]
[www.itl.nist.gov/div898/handbook/pmd/section4/pmd44.html]
[www.itl.nist.gov/div898/handbook/pmd/section4/pmd45.html]
[www.itl.nist.gov/div898/handbook/pmd/section5/pmd51.html]
[www.itl.nist.gov/div898/handbook/pmd/section5/pmd52.html]
[www.itl.nist.gov/div898/handbook/pmd/section5/pmd53.html]
[www.itl.nist.gov/div898/handbook/pmd/section6/pmd61.html]
[www.itl.nist.gov/div898/handbook/pmd/section6/pmd62.html]
[www.itl.nist.gov/div898/handbook/pmd/section6/pmd63.html]
[www.itl.nist.gov/div898/handbook/pmd/section6/pmd64.html]
[www.itl.nist.gov/div898/handbook/pmd/pmd_d.html]
[www.itl.nist.gov/div898/handbook/pmd/section7/pmd7.html]
[www.itl.nist.gov/div898/handbook/pmd/section8/pmd8.html]
[www.itl.nist.gov/div898/handbook/pmd/section4/plots/flow1.gif]
[www.itl.nist.gov/div898/handbook/pri/section1/gifs/img1351.gif]
[www.itl.nist.gov/div898/handbook/pri/section1/pri11.html]
[www.itl.nist.gov/div898/handbook/pri/section1/gifs/image8dt.gif]
[www.itl.nist.gov/div898/handbook/pri/section1/gifs/contro2.gif]
[www.itl.nist.gov/div898/handbook/pri/section1/gifs/control.gif]
[www.itl.nist.gov/div898/handbook/pri/section1/pri12.html]
[www.itl.nist.gov/div898/handbook/pri/section1/gifs/fig514.gif]
[www.itl.nist.gov/div898/handbook/pri/section1/pri13.html]
[www.itl.nist.gov/div898/handbook/pri/section2/pri21.html]
[www.itl.nist.gov/div898/handbook/pri/section2/pri22.html]
[www.itl.nist.gov/div898/handbook/pri/section2/pri23.html]
[www.itl.nist.gov/div898/handbook/pri/section2/gifs/fig5210.gif]
[www.itl.nist.gov/div898/handbook/pri/section2/gifs/reshist.gif]
[www.itl.nist.gov/div898/handbook/pri/section2/gifs/normprob.gif]
[www.itl.nist.gov/div898/handbook/pri/section2/gifs/restime1.gif]
[www.itl.nist.gov/div898/handbook/pri/section2/gifs/restime2.gif]
[www.itl.nist.gov/div898/handbook/pri/section2/gifs/respred1.gif]
[www.itl.nist.gov/div898/handbook/pri/section2/gifs/respred2.gif]
[www.itl.nist.gov/div898/handbook/pri/section2/gifs/resx1.gif]
[www.itl.nist.gov/div898/handbook/pri/section2/gifs/resx2.gif]
[www.itl.nist.gov/div898/handbook/pri/section2/pri24.html]
[www.itl.nist.gov/div898/handbook/pri/section2/gifs/resx3.gif]
[www.itl.nist.gov/div898/handbook/pri/section3/pri31.html]
[www.itl.nist.gov/div898/handbook/pri/section3/pri32.html]
[www.itl.nist.gov/div898/handbook/pri/section3/pri33.html]
[www.itl.nist.gov/div898/handbook/pri/section3/pri331.html]
[www.itl.nist.gov/div898/handbook/pri/section3/pri332.html]
[www.itl.nist.gov/div898/handbook/pri/section3/pri333.html]
[www.itl.nist.gov/div898/handbook/pri/section3/pri334.html]
[www.itl.nist.gov/div898/handbook/pri/section3/pri335.html]
[www.itl.nist.gov/div898/handbook/pri/section3/gifs/sam1.gif]
[www.itl.nist.gov/div898/handbook/pri/section3/gifs/sam2.gif]
[www.itl.nist.gov/div898/handbook/pri/section3/gifs/sam3.gif]
[www.itl.nist.gov/div898/handbook/pri/section3/gifs/sam4.gif]
[www.itl.nist.gov/div898/handbook/pri/section3/gifs/sam5.gif]
[www.itl.nist.gov/div898/handbook/pri/section3/gifs/sam6.gif]
[www.itl.nist.gov/div898/handbook/pri/section3/gifs/sam7.gif]
[www.itl.nist.gov/div898/handbook/pri/section3/gifs/sam8.gif]
[www.itl.nist.gov/div898/handbook/pri/section3/gifs/sam9.gif]
[www.itl.nist.gov/div898/handbook/pri/section3/gifs/sam10.gif]
[www.itl.nist.gov/div898/handbook/pri/section3/gifs/sam11.gif]
[www.itl.nist.gov/div898/handbook/pri/section3/pri336.html]
[www.itl.nist.gov/div898/handbook/pri/section3/pri337.html]
[www.itl.nist.gov/div898/handbook/pri/section3/pri338.html]
[www.itl.nist.gov/div898/handbook/pri/section3/gifs/fig323.gif]
[www.itl.nist.gov/div898/handbook/pri/section3/gifs/level33j.gif]
[www.itl.nist.gov/div898/handbook/pri/section3/pri339.html]
[www.itl.nist.gov/div898/handbook/pri/section3/pri33a.html]
[www.itl.nist.gov/div898/handbook/pri/section4/gifs/anal1.gif]
[www.itl.nist.gov/div898/handbook/pri/section4/pri41.html]
[www.itl.nist.gov/div898/handbook/pri/section4/pri42.html]
[www.itl.nist.gov/div898/handbook/pri/section4/pri43.html]
[www.itl.nist.gov/div898/handbook/pri/section4/pri44.html]
[www.itl.nist.gov/div898/handbook/pri/section4/pri45.html]
[www.itl.nist.gov/div898/handbook/pri/section4/pri46.html]
[www.itl.nist.gov/div898/handbook/pri/section4/pri47.html]
[www.itl.nist.gov/div898/handbook/pri/section4/pri471_r01.gif]
[www.itl.nist.gov/div898/handbook/pri/section4/pri471_r02.gif]
[www.itl.nist.gov/div898/handbook/pri/section4/pri471_r03.gif]
[www.itl.nist.gov/div898/handbook/pri/section4/pri471_r04.gif]
[www.itl.nist.gov/div898/handbook/pri/section4/pri471_r05.gif]
[www.itl.nist.gov/div898/handbook/pri/section4/eqns/lambda.gif]
[www.itl.nist.gov/div898/handbook/pri/section4/pri471_r06.gif]
[www.itl.nist.gov/div898/handbook/pri/section4/pri471_eq1.gif]
[www.itl.nist.gov/div898/handbook/pri/section4/pri471_r07.gif]
[www.itl.nist.gov/div898/handbook/pri/section4/pri471_r08.gif]
[www.itl.nist.gov/div898/handbook/pri/section4/pri471_r09.gif]
[www.itl.nist.gov/div898/handbook/pri/section4/pri471_r10.gif]
[www.itl.nist.gov/div898/handbook/pri/section4/pri471_r11.gif]
[www.itl.nist.gov/div898/handbook/pri/section4/pri471.html]
[www.itl.nist.gov/div898/handbook/pri/section4/gifs/catapul2.gif]
[www.itl.nist.gov/div898/handbook/pri/section4/gifs/cathum.gif]
[www.itl.nist.gov/div898/handbook/pri/section4/pri472_r01.gif]
[www.itl.nist.gov/div898/handbook/pri/section4/pri472_r02.gif]
[www.itl.nist.gov/div898/handbook/pri/section4/pri472_r03.gif]
[www.itl.nist.gov/div898/handbook/pri/section4/pri472_r04.gif]
[www.itl.nist.gov/div898/handbook/pri/section4/pri472_r05.gif]
[www.itl.nist.gov/div898/handbook/pri/section4/pri472_r06.gif]
[www.itl.nist.gov/div898/handbook/pri/section4/pri472_r07.gif]
[www.itl.nist.gov/div898/handbook/pri/section4/pri472_r08.gif]
[www.itl.nist.gov/div898/handbook/pri/section4/pri472_r09.gif]
[www.itl.nist.gov/div898/handbook/pri/section4/pri472.html]
[www.itl.nist.gov/div898/handbook/pri/section4/pri472_r10.gif]
[www.itl.nist.gov/div898/handbook/pri/section4/pri473_r02.gif]
[www.itl.nist.gov/div898/handbook/pri/section4/pri473_r03.gif]
[www.itl.nist.gov/div898/handbook/pri/section4/pri473_r04.gif]
[www.itl.nist.gov/div898/handbook/pri/section4/pri473_r05.gif]
[www.itl.nist.gov/div898/handbook/pri/section4/pri473_r07.gif]
[www.itl.nist.gov/div898/handbook/pri/section4/pri473_r08.gif]
[www.itl.nist.gov/div898/handbook/pri/section4/pri473_r09.gif]
[www.itl.nist.gov/div898/handbook/pri/section4/pri473_r10.gif]
[www.itl.nist.gov/div898/handbook/pri/section4/pri473.html]
[www.itl.nist.gov/div898/handbook/pri/section5/pri51.html]
[www.itl.nist.gov/div898/handbook/pri/section5/pri52.html]
[www.itl.nist.gov/div898/handbook/pri/section5/pri521.html]
[www.itl.nist.gov/div898/handbook/pri/section5/pri522.html]
[www.itl.nist.gov/div898/handbook/pri/section5/pri53.html]
[www.itl.nist.gov/div898/handbook/pri/section4/pri473_r11.gif]
[www.itl.nist.gov/div898/handbook/pri/section5/pri531.html]
[www.itl.nist.gov/div898/handbook/pri/section5/pri532.html]
[www.itl.nist.gov/div898/handbook/pri/section5/pri54.html]
[www.itl.nist.gov/div898/handbook/pri/section5/pri541.html]
[www.itl.nist.gov/div898/handbook/pri/section5/gifs/img9a.gif]
[www.itl.nist.gov/div898/handbook/pri/section5/gifs/simplex2.gif]
[www.itl.nist.gov/div898/handbook/pri/section5/gifs/simplex3.gif]
[www.itl.nist.gov/div898/handbook/pri/section5/pri542_r01.gif]
[www.itl.nist.gov/div898/handbook/pri/section5/pri542.html]
[www.itl.nist.gov/div898/handbook/pri/section5/pri543.html]
[www.itl.nist.gov/div898/handbook/pri/section5/eqns/le.gif]
[www.itl.nist.gov/div898/handbook/pri/section5/gifs/simplex5.gif]
[www.itl.nist.gov/div898/handbook/pri/section5/pri544.html]
[www.itl.nist.gov/div898/handbook/pri/section5/eqns/xstari.gif]
[www.itl.nist.gov/div898/handbook/pri/section5/gifs/simplex6.gif]
[www.itl.nist.gov/div898/handbook/pri/section5/pri545.html]
[www.itl.nist.gov/div898/handbook/pri/section5/gifs/simplex7.gif]
[www.itl.nist.gov/div898/handbook/pri/section5/gifs/simplex8.gif]
[www.itl.nist.gov/div898/handbook/pri/section5/gifs/simplex9.gif]
[www.itl.nist.gov/div898/handbook/pri/section5/pri55.html]
[www.itl.nist.gov/div898/handbook/pri/section5/gifs/arnonf15.gif]
[www.itl.nist.gov/div898/handbook/pri/section5/pri56.html]
[www.itl.nist.gov/div898/handbook/pri/section3/eqns/2to8m2.txt]
[www.itl.nist.gov/div898/handbook/pri/section5/pri57.html]
[www.itl.nist.gov/div898/handbook/pri/section5/pri58.html]
[www.itl.nist.gov/div898/handbook/pri/section5/pri59.html]
[www.itl.nist.gov/div898/handbook/pri/section6/pri61.html]
[www.itl.nist.gov/div898/handbook/pri/section6/pri62.html]
[www.itl.nist.gov/div898/handbook/pri/section7/pri7.html]
[www.itl.nist.gov/div898/handbook/pri/section8/pri8.html]
[www.itl.nist.gov/div898/handbook/pri/pri_d.html]
[www.itl.nist.gov/div898/handbook/pmc/section1/pmc11.html]
[www.itl.nist.gov/div898/handbook/pmc/section1/pmc12.html]
[www.itl.nist.gov/div898/handbook/pmc/section1/pmc13.html]
[www.itl.nist.gov/div898/handbook/pmc/section1/pmc14.html]
[www.itl.nist.gov/div898/handbook/pmc/section1/pmc15.html]
[www.itl.nist.gov/div898/handbook/pmc/section1/gifs/cpi1.gif]
[www.itl.nist.gov/div898/handbook/pmc/section1/gifs/plotcp_r.gif]
[www.itl.nist.gov/div898/handbook/pmc/section1/gifs/cpi3.gif]
[www.itl.nist.gov/div898/handbook/pmc/section1/pmc16.html]
[www.itl.nist.gov/div898/handbook/pmc/section2/pmc21.html]
[www.itl.nist.gov/div898/handbook/pmc/section2/pmc22.html]
[www.itl.nist.gov/div898/handbook/pmc/section2/pmc23.html]
[www.itl.nist.gov/div898/handbook/pmc/section2/gifs/asn.gif]
[www.itl.nist.gov/div898/handbook/pmc/section2/pmc24.html]
[www.itl.nist.gov/div898/handbook/pmc/section2/pmc25.html]
[www.itl.nist.gov/div898/handbook/pmc/section2/gifs/seqplan.gif]
[www.itl.nist.gov/div898/handbook/pmc/section2/pmc26.html]
[www.itl.nist.gov/div898/handbook/pmc/section2/gifs/skiplot.gif]
[www.itl.nist.gov/div898/handbook/pmc/section2/pmc27.html]
[www.itl.nist.gov/div898/handbook/pmc/section3/pmc31.html]
[www.itl.nist.gov/div898/handbook/pmc/section3/pmc32.html]
[www.itl.nist.gov/div898/handbook/pmc/section3/pmc33.html]
[www.itl.nist.gov/div898/handbook/pmc/section3/gifs/shewhart.gif]
[www.itl.nist.gov/div898/handbook/pmc/section3/gifs/tsquare.gif]
[www.itl.nist.gov/div898/handbook/pmc/section3/pmc34.html]
[www.itl.nist.gov/div898/handbook/pmc/section4/pmc41.html]
[www.itl.nist.gov/div898/handbook/pmc/section4/pmc42.html]
[www.itl.nist.gov/div898/handbook/pmc/section4/pmc43.html]
[www.itl.nist.gov/div898/handbook/pmc/section4/pmc44.html]
[www.itl.nist.gov/div898/handbook/pmc/section4/pmc45.html]
[www.itl.nist.gov/div898/handbook/pmc/section4/gifs/tseries1.gif]
[www.itl.nist.gov/div898/handbook/pmc/section5/gifs/normal.gif]
[www.itl.nist.gov/div898/handbook/pmc/section5/pmc51.html]
[www.itl.nist.gov/div898/handbook/pmc/section5/pmc52.html]
[www.itl.nist.gov/div898/handbook/pmc/section5/pmc53.html]
[www.itl.nist.gov/div898/handbook/pmc/section5/pmc54.html]
[www.itl.nist.gov/div898/handbook/pmc/section5/pmc55.html]
[www.itl.nist.gov/div898/handbook/pmc/section6/pmc61.html]
[www.itl.nist.gov/div898/handbook/pmc/section6/pmc62.html]
[www.itl.nist.gov/div898/handbook/pmc/pmc_d.html]
[www.itl.nist.gov/div898/handbook/pmc/section7/pmc7.html]
[www.itl.nist.gov/div898/handbook/prc/section1/prc11.html]
[www.itl.nist.gov/div898/handbook/prc/section1/prc12.html]
[www.itl.nist.gov/div898/handbook/prc/section1/prc13.html]
[www.itl.nist.gov/div898/handbook/prc/section1/prc14.html]
[www.itl.nist.gov/div898/handbook/prc/section1/prc15.html]
[www.itl.nist.gov/div898/handbook/pmc/section5/eqns/xbar.gif]
[www.itl.nist.gov/div898/handbook/prc/section1/prc16_r01.gif]
[www.itl.nist.gov/div898/handbook/prc/section1/prc16.html]
[www.itl.nist.gov/div898/handbook/prc/section1/prc17.html]
[www.itl.nist.gov/div898/handbook/prc/section2/prc21.html]
[www.itl.nist.gov/div898/handbook/prc/section2/prc22.html]
[www.itl.nist.gov/div898/handbook/prc/section2/prc23.html]
[www.itl.nist.gov/div898/handbook/prc/section2/prc24.html]
[www.itl.nist.gov/div898/handbook/prc/section2/prc25.html]
[www.itl.nist.gov/div898/handbook/prc/section2/prc26.html]
[www.itl.nist.gov/div898/handbook/prc/section3/prc31.html]
[www.itl.nist.gov/div898/handbook/prc/section3/prc32.html]
[www.itl.nist.gov/div898/handbook/prc/section3/prc33.html]
[www.itl.nist.gov/div898/handbook/prc/section3/prc34.html]
[www.itl.nist.gov/div898/handbook/prc/section3/prc35.html]
[www.itl.nist.gov/div898/handbook/prc/section4/prc41.html]
[www.itl.nist.gov/div898/handbook/prc/section4/prc42.html]
[www.itl.nist.gov/div898/handbook/prc/section4/prc43.html]
[www.itl.nist.gov/div898/handbook/prc/section4/prc44.html]
[www.itl.nist.gov/div898/handbook/prc/section4/prc45.html]
[www.itl.nist.gov/div898/handbook/prc/section4/prc46.html]
[www.itl.nist.gov/div898/handbook/prc/section4/prc47.html]
[www.itl.nist.gov/div898/handbook/prc/prc_d.html]
[www.itl.nist.gov/div898/handbook/prc/section5/prc5.html]
[www.itl.nist.gov/div898/handbook/apr/section1/apr11.html]
[www.itl.nist.gov/div898/handbook/apr/section1/apr12.html]
[www.itl.nist.gov/div898/handbook/apr/section1/apr13.html]
[www.itl.nist.gov/div898/handbook/apr/section1/apr14.html]
[www.itl.nist.gov/div898/handbook/apr/section1/apr15.html]
[www.itl.nist.gov/div898/handbook/apr/section1/apr16.html]
[www.itl.nist.gov/div898/handbook/apr/section1/apr17.html]
[www.itl.nist.gov/div898/handbook/apr/section1/apr18.html]
[www.itl.nist.gov/div898/handbook/apr/section1/apr19.html]
[www.itl.nist.gov/div898/handbook/apr/section1/apr1a.html]
[www.itl.nist.gov/div898/handbook/apr/section2/apr21.html]
[www.itl.nist.gov/div898/handbook/apr/section2/apr22.html]
[www.itl.nist.gov/div898/handbook/apr/section2/apr23.html]
[www.itl.nist.gov/div898/handbook/apr/section2/apr24.html]
[www.itl.nist.gov/div898/handbook/apr/section2/apr25.html]
[www.itl.nist.gov/div898/handbook/apr/section3/apr31.html]
[www.itl.nist.gov/div898/handbook/apr/section4/apr41.html]
[www.itl.nist.gov/div898/handbook/apr/section4/apr42.html]
[www.itl.nist.gov/div898/handbook/apr/section4/apr43.dp]
[www.itl.nist.gov/div898/handbook/apr/section4/apr43.html]
[www.itl.nist.gov/div898/handbook/apr/section4/apr44.html]
[www.itl.nist.gov/div898/handbook/apr/section4/apr45.html]
[www.itl.nist.gov/div898/handbook/apr/section4/gifs/bayesum.gif]
[www.itl.nist.gov/div898/handbook/apr/section4/apr46_r01.gif]
[www.itl.nist.gov/div898/handbook/apr/section4/apr46.html]
[www.itl.nist.gov/div898/handbook/apr/apr_d.html]
[www.itl.nist.gov/div898/handbook/apr/section4/apr47.html]
[www.itl.nist.gov/div898/handbook/eda/section1/eda121.html]
[www.itl.nist.gov/div898/handbook/eda/section1/eda122.html]
[www.itl.nist.gov/div898/handbook/eda/section1/eda123.html]
[www.itl.nist.gov/div898/handbook/eda/section1/eda124.html]
[www.itl.nist.gov/div898/handbook/eda/section1/eda125.html]
[www.itl.nist.gov/div898/handbook/eda/section1/eda126.html]
[www.itl.nist.gov/div898/handbook/eda/section2/eda251.html]
[www.itl.nist.gov/div898/handbook/eda/section2/eda252.html]
[www.itl.nist.gov/div898/handbook/eda/section2/eda253.html]
[www.itl.nist.gov/div898/handbook/eda/section2/eda254.html]
[www.itl.nist.gov/div898/handbook/eda/gif/autocop0.gif]
[www.itl.nist.gov/div898/handbook/eda/section3/eda331.html]
[www.itl.nist.gov/div898/handbook/eda/section3/gif/autocop1.gif]
[www.itl.nist.gov/div898/handbook/eda/section3/eda3311.html]
[www.itl.nist.gov/div898/handbook/eda/section3/gif/autocop2.gif]
[www.itl.nist.gov/div898/handbook/eda/section3/eda3312.html]
[www.itl.nist.gov/div898/handbook/eda/section3/eda3313.html]
[www.itl.nist.gov/div898/handbook/eda/section3/gif/autocop3.gif]
[www.itl.nist.gov/div898/handbook/eda/section3/gif/autocop4.gif]
[www.itl.nist.gov/div898/handbook/eda/section3/eda3314.html]
[www.itl.nist.gov/div898/handbook/eda/gif/bihistog.gif]
[www.itl.nist.gov/div898/handbook/eda/section3/eda332.html]
[www.itl.nist.gov/div898/handbook/eda/gif/blockplo.gif]
[www.itl.nist.gov/div898/handbook/eda/section3/eda333.html]
[www.itl.nist.gov/div898/handbook/eda/section3/gif/bootstra.gif]
[www.itl.nist.gov/div898/handbook/eda/section3/eda334.html]
[www.itl.nist.gov/div898/handbook/eda/section3/gif/boxcoxli.gif]
[www.itl.nist.gov/div898/handbook/eda/section3/eda335.html]
[www.itl.nist.gov/div898/handbook/eda/section3/gif/boxcox.gif]
[www.itl.nist.gov/div898/handbook/eda/section3/eda336.html]
[www.itl.nist.gov/div898/handbook/eda/gif/boxplot0.gif]
[www.itl.nist.gov/div898/handbook/eda/section3/eda337.html]
[www.itl.nist.gov/div898/handbook/eda/gif/cdampplo.gif]
[www.itl.nist.gov/div898/handbook/eda/section3/eda338.html]
[www.itl.nist.gov/div898/handbook/eda/section3/eda339.html]
[www.itl.nist.gov/div898/handbook/eda/gif/cdphasep.gif]
[www.itl.nist.gov/div898/handbook/eda/gif/contourp.gif]
[www.itl.nist.gov/div898/handbook/eda/section3/eda33a.html]
[www.itl.nist.gov/div898/handbook/eda/section3/gif/pri61a_r01.gif]
[www.itl.nist.gov/div898/handbook/eda/section3/eda33a1.html]
[www.itl.nist.gov/div898/handbook/eda/section3/gif/eda_dexboxbike_r01.gif]
[www.itl.nist.gov/div898/handbook/eda/section3/eda33b.html]
[www.itl.nist.gov/div898/handbook/eda/section3/gif/dexscat1.gif]
[www.itl.nist.gov/div898/handbook/eda/section3/gif/eda_dexboxbike_r02.gif]
[www.itl.nist.gov/div898/handbook/eda/section3/gif/dexint1.gif]
[www.itl.nist.gov/div898/handbook/eda/section3/eda33c.html]
[www.itl.nist.gov/div898/handbook/eda/section3/gif/eda_dexboxbike_r03.gif]
[www.itl.nist.gov/div898/handbook/eda/section3/eda33d.html]
[www.itl.nist.gov/div898/handbook/eda/gif/histogr0.gif]
[www.itl.nist.gov/div898/handbook/eda/section3/eda33e.html]
[www.itl.nist.gov/div898/handbook/eda/gif/histogr1.gif]
[www.itl.nist.gov/div898/handbook/eda/section3/eda33e1.html]
[www.itl.nist.gov/div898/handbook/eda/gif/histogr2.gif]
[www.itl.nist.gov/div898/handbook/eda/section3/eda33e2.html]
[www.itl.nist.gov/div898/handbook/eda/gif/histogr3.gif]
[www.itl.nist.gov/div898/handbook/eda/section3/eda33e3.html]
[www.itl.nist.gov/div898/handbook/eda/section3/eda33e4.html]
[www.itl.nist.gov/div898/handbook/eda/gif/histogr4.gif]
[www.itl.nist.gov/div898/handbook/eda/gif/histogr5.gif]
[www.itl.nist.gov/div898/handbook/eda/section3/eda33e5.dp]
[www.itl.nist.gov/div898/handbook/eda/section3/eda33e5.html]
[www.itl.nist.gov/div898/handbook/eda/gif/histogr6.gif]
[www.itl.nist.gov/div898/handbook/eda/section3/eda33e6.html]
[www.itl.nist.gov/div898/handbook/eda/gif/histogr7.gif]
[www.itl.nist.gov/div898/handbook/eda/section3/eda33e7.html]
[www.itl.nist.gov/div898/handbook/eda/section3/eda33e8.html]
[www.itl.nist.gov/div898/handbook/eda/gif/histogr8.gif]
[www.itl.nist.gov/div898/handbook/eda/gif/lagplot0.gif]
[www.itl.nist.gov/div898/handbook/eda/section3/eda33f.html]
[www.itl.nist.gov/div898/handbook/eda/gif/lagplot1.gif]
[www.itl.nist.gov/div898/handbook/eda/section3/eda33f1.html]
[www.itl.nist.gov/div898/handbook/eda/gif/lagplot2.gif]
[www.itl.nist.gov/div898/handbook/eda/section3/eda33f2.html]
[www.itl.nist.gov/div898/handbook/eda/gif/lagplot3.gif]
[www.itl.nist.gov/div898/handbook/eda/section3/eda33f3.html]
[www.itl.nist.gov/div898/handbook/eda/section3/eda33f4.html]
[www.itl.nist.gov/div898/handbook/eda/gif/lagplot4.gif]
[www.itl.nist.gov/div898/handbook/eda/gif/lincorrp.gif]
[www.itl.nist.gov/div898/handbook/eda/section3/eda33g.html]
[www.itl.nist.gov/div898/handbook/eda/section3/eda33h.html]
[www.itl.nist.gov/div898/handbook/eda/gif/linintpl.gif]
[www.itl.nist.gov/div898/handbook/eda/section3/eda33i.html]
[www.itl.nist.gov/div898/handbook/eda/gif/linslopl.gif]
[www.itl.nist.gov/div898/handbook/eda/section3/gif/linressd.gif]
[www.itl.nist.gov/div898/handbook/eda/section3/eda33j.html]
[www.itl.nist.gov/div898/handbook/eda/gif/meanplot.gif]
[www.itl.nist.gov/div898/handbook/eda/section3/eda33k.html]
[www.itl.nist.gov/div898/handbook/eda/gif/normprpl.gif]
[www.itl.nist.gov/div898/handbook/eda/section3/eda33l.html]
[www.itl.nist.gov/div898/handbook/eda/section3/gif/normprp1.gif]
[www.itl.nist.gov/div898/handbook/eda/section3/eda33l1.html]
[www.itl.nist.gov/div898/handbook/eda/section3/eqns/lambda.gif]
[www.itl.nist.gov/div898/handbook/eda/section3/eda33l2.html]
[www.itl.nist.gov/div898/handbook/eda/section3/gif/normprp2.gif]
[www.itl.nist.gov/div898/handbook/eda/section3/eda33l3.html]
[www.itl.nist.gov/div898/handbook/eda/section3/gif/normprp3.gif]
[www.itl.nist.gov/div898/handbook/eda/section3/gif/normprp4.gif]
[www.itl.nist.gov/div898/handbook/eda/section3/eda33l4.html]
[www.itl.nist.gov/div898/handbook/eda/section3/gif/probplot.gif]
[www.itl.nist.gov/div898/handbook/eda/section3/eda33m.html]
[www.itl.nist.gov/div898/handbook/eda/gif/ppccplot.gif]
[www.itl.nist.gov/div898/handbook/eda/section3/eda33n.html]
[www.itl.nist.gov/div898/handbook/eda/section3/eda33o.html]
[www.itl.nist.gov/div898/handbook/eda/section3/gif/qqplot.gif]
[www.itl.nist.gov/div898/handbook/eda/section3/gif/runseq.gif]
[www.itl.nist.gov/div898/handbook/eda/section3/eda33p.html]
[www.itl.nist.gov/div898/handbook/eda/gif/scatterp.gif]
[www.itl.nist.gov/div898/handbook/eda/section3/eda33q.html]
[www.itl.nist.gov/div898/handbook/eda/section3/gif/scatplo1.gif]
[www.itl.nist.gov/div898/handbook/eda/section3/eda33q1.html]
[www.itl.nist.gov/div898/handbook/eda/section3/gif/scatplo2.gif]
[www.itl.nist.gov/div898/handbook/eda/section3/eda33q2.html]
[www.itl.nist.gov/div898/handbook/eda/section3/gif/scatplo3.gif]
[www.itl.nist.gov/div898/handbook/eda/section3/eda33q3.html]
[www.itl.nist.gov/div898/handbook/eda/section3/gif/scatplo4.gif]
[www.itl.nist.gov/div898/handbook/eda/section3/eda33q4.html]
[www.itl.nist.gov/div898/handbook/eda/section3/gif/scatplo5.gif]
[www.itl.nist.gov/div898/handbook/eda/section3/eda33q5.html]
[www.itl.nist.gov/div898/handbook/eda/section3/gif/scatplo6.gif]
[www.itl.nist.gov/div898/handbook/eda/section3/eda33q6.html]
[www.itl.nist.gov/div898/handbook/eda/section3/gif/scatplo7.gif]
[www.itl.nist.gov/div898/handbook/eda/section3/eda33q7.html]
[www.itl.nist.gov/div898/handbook/eda/section3/gif/scatplo8.gif]
[www.itl.nist.gov/div898/handbook/eda/section3/eda33q8.html]
[www.itl.nist.gov/div898/handbook/eda/section3/gif/scatplo9.gif]
[www.itl.nist.gov/div898/handbook/eda/section3/eda33q9.html]
[www.itl.nist.gov/div898/handbook/eda/section3/gif/scatploa.gif]
[www.itl.nist.gov/div898/handbook/eda/section3/eda33qa.html]
[www.itl.nist.gov/div898/handbook/eda/section3/gif/spmatr2.gif]
[www.itl.nist.gov/div898/handbook/eda/section3/eda33qb.html]
[www.itl.nist.gov/div898/handbook/eda/section3/gif/condplot.gif]
[www.itl.nist.gov/div898/handbook/eda/section3/eda33qc.html]
[www.itl.nist.gov/div898/handbook/eda/gif/spectrum.gif]
[www.itl.nist.gov/div898/handbook/eda/section3/eda33r.html]
[www.itl.nist.gov/div898/handbook/eda/section3/gif/spect1.gif]
[www.itl.nist.gov/div898/handbook/eda/section3/eda33r1.html]
[www.itl.nist.gov/div898/handbook/eda/section3/eda33r2.html]
[www.itl.nist.gov/div898/handbook/eda/section3/gif/spect2.gif]
[www.itl.nist.gov/div898/handbook/eda/section3/gif/spect4.gif]
[www.itl.nist.gov/div898/handbook/eda/section3/eda33r3.html]
[www.itl.nist.gov/div898/handbook/eda/gif/sdplot.gif]
[www.itl.nist.gov/div898/handbook/eda/section3/eda33s.html]
[www.itl.nist.gov/div898/handbook/eda/section3/eda33t.html]
[www.itl.nist.gov/div898/handbook/eda/section3/gif/starplot.gif]
[www.itl.nist.gov/div898/handbook/eda/gif/weibullp.gif]
[www.itl.nist.gov/div898/handbook/eda/section3/eda33u.html]
[www.itl.nist.gov/div898/handbook/eda/gif/youdenpl.gif]
[www.itl.nist.gov/div898/handbook/eda/section3/eda3331.html]
[www.itl.nist.gov/div898/handbook/eda/section3/eda33311.html]
[www.itl.nist.gov/div898/handbook/eda/section3/gif/pri618_r02.gif]
[www.itl.nist.gov/div898/handbook/eda/section3/eda3332.html]
[www.itl.nist.gov/div898/handbook/eda/gif/4-plot.gif]
[www.itl.nist.gov/div898/handbook/eda/section3/eda3333.html]
[www.itl.nist.gov/div898/handbook/eda/gif/6plot.gif]
[www.itl.nist.gov/div898/handbook/eda/section3/eda351.html]
[www.itl.nist.gov/div898/handbook/eda/section3/gif/location.gif]
[www.itl.nist.gov/div898/handbook/eda/section3/eda352_r.gif]
[www.itl.nist.gov/div898/handbook/eda/section3/eda352.dp]
[www.itl.nist.gov/div898/handbook/eda/section3/eda352.html]
[www.itl.nist.gov/div898/handbook/eda/section3/eda353_r.gif]
[www.itl.nist.gov/div898/handbook/eda/section3/eda353.dp]
[www.itl.nist.gov/div898/handbook/eda/section3/eda353.html]
[www.itl.nist.gov/div898/handbook/eda/section3/eda3531.html]
[www.itl.nist.gov/div898/handbook/eda/section3/eda354.dp]
[www.itl.nist.gov/div898/handbook/eda/section3/eda354.html]
[www.itl.nist.gov/div898/handbook/eda/section3/eda355.dp]
[www.itl.nist.gov/div898/handbook/eda/section3/eda355.html]
[www.itl.nist.gov/div898/handbook/eda/section3/gif/scale.gif]
[www.itl.nist.gov/div898/handbook/eda/section3/eda356.html]
[www.itl.nist.gov/div898/handbook/eda/section3/eda357.dp]
[www.itl.nist.gov/div898/handbook/eda/section3/eda357.html]
[www.itl.nist.gov/div898/handbook/eda/section3/eda358.dp]
[www.itl.nist.gov/div898/handbook/eda/section3/eda358.html]
[www.itl.nist.gov/div898/handbook/eda/section3/eda3581.html]
[www.itl.nist.gov/div898/handbook/eda/section3/eda359.dp]
[www.itl.nist.gov/div898/handbook/eda/section3/eda359.html]
[www.itl.nist.gov/div898/handbook/eda/section3/eda35a.dp]
[www.itl.nist.gov/div898/handbook/eda/section3/eda35a.html]
[www.itl.nist.gov/div898/handbook/eda/section3/gif/skewness.gif]
[www.itl.nist.gov/div898/handbook/eda/section3/eda35b.html]
[www.itl.nist.gov/div898/handbook/eda/section3/eda35c.dp]
[www.itl.nist.gov/div898/handbook/eda/section3/eda35c.html]
[www.itl.nist.gov/div898/handbook/eda/section3/eda35d.dp]
[www.itl.nist.gov/div898/handbook/eda/section3/eda35d.html]
[www.itl.nist.gov/div898/handbook/eda/section3/eda35e.dp]
[www.itl.nist.gov/div898/handbook/eda/section3/eda35e.html]
[www.itl.nist.gov/div898/handbook/eda/section3/eda35f.dp]
[www.itl.nist.gov/div898/handbook/eda/section3/eda35f.html]
[www.itl.nist.gov/div898/handbook/eda/section3/gif/ecdf.gif]
[www.itl.nist.gov/div898/handbook/eda/section3/eda35g.dp]
[www.itl.nist.gov/div898/handbook/eda/section3/eda35g.html]
[www.itl.nist.gov/div898/handbook/eda/section3/eda35h.html]
[www.itl.nist.gov/div898/handbook/eda/section3/eda35i.html]
[www.itl.nist.gov/div898/handbook/eda/section3/eda35i1.html]
[www.itl.nist.gov/div898/handbook/eda/section3/eda35i2_r01.gif]
[www.itl.nist.gov/div898/handbook/eda/section3/eda35i2_r02.gif]
[www.itl.nist.gov/div898/handbook/eda/section3/eda35i2.html]
[www.itl.nist.gov/div898/handbook/eda/section3/eda361.html]
[www.itl.nist.gov/div898/handbook/eda/section3/gif/norpdf.gif]
[www.itl.nist.gov/div898/handbook/eda/section3/gif/norcdf.gif]
[www.itl.nist.gov/div898/handbook/eda/section3/gif/norppf.gif]
[www.itl.nist.gov/div898/handbook/eda/section3/gif/norhaz.gif]
[www.itl.nist.gov/div898/handbook/eda/section3/gif/norcha.gif]
[www.itl.nist.gov/div898/handbook/eda/section3/gif/norsurv.gif]
[www.itl.nist.gov/div898/handbook/eda/section3/eda362.html]
[www.itl.nist.gov/div898/handbook/eda/section3/gif/norisurv.gif]
[www.itl.nist.gov/div898/handbook/eda/section3/gif/weibshap.gif]
[www.itl.nist.gov/div898/handbook/eda/section3/eda363.html]
[www.itl.nist.gov/div898/handbook/eda/section3/gif/norpdflo.gif]
[www.itl.nist.gov/div898/handbook/eda/section3/gif/norpdfs1.gif]
[www.itl.nist.gov/div898/handbook/eda/section3/gif/norpdfs2.gif]
[www.itl.nist.gov/div898/handbook/eda/section3/eda364.html]
[www.itl.nist.gov/div898/handbook/eda/section3/eda365.html]
[www.itl.nist.gov/div898/handbook/eda/section3/eda3651.html]
[www.itl.nist.gov/div898/handbook/eda/section3/eda3652.html]
[www.itl.nist.gov/div898/handbook/eda/section3/eda3653.html]
[www.itl.nist.gov/div898/handbook/eda/section3/eda3654.html]
[www.itl.nist.gov/div898/handbook/eda/section3/gif/norpdfls.gif]
[www.itl.nist.gov/div898/handbook/eda/section3/gif100/norpdf.jpg]
[www.itl.nist.gov/div898/handbook/eda/section3/gif100/unipdf.jpg]
[www.itl.nist.gov/div898/handbook/eda/section3/gif100/caupdf.jpg]
[www.itl.nist.gov/div898/handbook/eda/section3/gif100/tpdf.jpg]
[www.itl.nist.gov/div898/handbook/eda/section3/gif100/fpdf.jpg]
[www.itl.nist.gov/div898/handbook/eda/section3/gif100/chspdf.jpg]
[www.itl.nist.gov/div898/handbook/eda/section3/gif100/exp1pdf.jpg]
[www.itl.nist.gov/div898/handbook/eda/section3/gif100/weipdf.jpg]
[www.itl.nist.gov/div898/handbook/eda/section3/gif100/lgnpdf.gif]
[www.itl.nist.gov/div898/handbook/eda/section3/gif100/flpdf.jpg]
[www.itl.nist.gov/div898/handbook/eda/section3/gif100/gampdf.jpg]
[www.itl.nist.gov/div898/handbook/eda/section3/gif100/dex1pdf.jpg]
[www.itl.nist.gov/div898/handbook/eda/section3/gif100/pnrpdf.jpg]
[www.itl.nist.gov/div898/handbook/eda/section3/gif100/plnpdf.jpg]
[www.itl.nist.gov/div898/handbook/eda/section3/gif100/lampdf.jpg]
[www.itl.nist.gov/div898/handbook/eda/section3/gif100/ev11pdf.jpg]
[www.itl.nist.gov/div898/handbook/eda/section3/gif100/bet1pdf.jpg]
[www.itl.nist.gov/div898/handbook/eda/section3/gif100/binpdf.jpg]
[www.itl.nist.gov/div898/handbook/eda/section3/eda366.html]
[www.itl.nist.gov/div898/handbook/eda/section3/eda3661.html]
[www.itl.nist.gov/div898/handbook/eda/section3/gif100/poipdf.jpg]
[www.itl.nist.gov/div898/handbook/eda/section3/gif/unipdf.gif]
[www.itl.nist.gov/div898/handbook/eda/section3/gif/unicdf.gif]
[www.itl.nist.gov/div898/handbook/eda/section3/gif/unippf.gif]
[www.itl.nist.gov/div898/handbook/eda/section3/gif/unihaz.gif]
[www.itl.nist.gov/div898/handbook/eda/section3/gif/unicha.gif]
[www.itl.nist.gov/div898/handbook/eda/section3/gif/unisurv.gif]
[www.itl.nist.gov/div898/handbook/eda/section3/eda3662.html]
[www.itl.nist.gov/div898/handbook/eda/section3/gif/uniisurv.gif]
[www.itl.nist.gov/div898/handbook/eda/section3/gif/caupdf.gif]
[www.itl.nist.gov/div898/handbook/eda/section3/gif/caucdf.gif]
[www.itl.nist.gov/div898/handbook/eda/section3/gif/cauppf.gif]
[www.itl.nist.gov/div898/handbook/eda/section3/gif/cauhaz.gif]
[www.itl.nist.gov/div898/handbook/eda/section3/gif/caucha.gif]
[www.itl.nist.gov/div898/handbook/eda/section3/gif/causurv.gif]
[www.itl.nist.gov/div898/handbook/eda/section3/gif/cauisurv.gif]
[www.itl.nist.gov/div898/handbook/eda/section3/eda3663.html]
[www.itl.nist.gov/div898/handbook/eda/section3/gif/tpdf4.gif]
[www.itl.nist.gov/div898/handbook/eda/section3/gif/tcdf4.gif]
[www.itl.nist.gov/div898/handbook/eda/section3/eda3664.html]
[www.itl.nist.gov/div898/handbook/eda/section3/gif/tppf4.gif]
[www.itl.nist.gov/div898/handbook/eda/section3/gif/fpdf4.gif]
[www.itl.nist.gov/div898/handbook/eda/section3/gif/fcdf4.gif]
[www.itl.nist.gov/div898/handbook/eda/section3/gif/fppf4.gif]
[www.itl.nist.gov/div898/handbook/eda/section3/eda3665.html]
[www.itl.nist.gov/div898/handbook/eda/section3/gif/chspdf4.gif]
[www.itl.nist.gov/div898/handbook/eda/section3/gif/chscdf4.gif]
[www.itl.nist.gov/div898/handbook/eda/section3/eda3666.html]
[www.itl.nist.gov/div898/handbook/eda/section3/gif/chsppf4.gif]
[www.itl.nist.gov/div898/handbook/eda/section3/gif/exppdf.gif]
[www.itl.nist.gov/div898/handbook/eda/section3/gif/expcdf.gif]
[www.itl.nist.gov/div898/handbook/eda/section3/gif/expppf.gif]
[www.itl.nist.gov/div898/handbook/eda/section3/gif/exphaz.gif]
[www.itl.nist.gov/div898/handbook/eda/section3/gif/expcha.gif]
[www.itl.nist.gov/div898/handbook/eda/section3/gif/expsurv.gif]
[www.itl.nist.gov/div898/handbook/eda/section3/gif/expisurv.gif]
[www.itl.nist.gov/div898/handbook/eda/section3/eda3667.html]
[www.itl.nist.gov/div898/handbook/eda/section3/gif/weipdf4.gif]
[www.itl.nist.gov/div898/handbook/eda/section3/gif/weicdf4.gif]
[www.itl.nist.gov/div898/handbook/eda/section3/gif/weippf4.gif]
[www.itl.nist.gov/div898/handbook/eda/section3/gif/weihaz4.gif]
[www.itl.nist.gov/div898/handbook/eda/section3/gif/weicha4.gif]
[www.itl.nist.gov/div898/handbook/eda/section3/gif/weisurv4.gif]
[www.itl.nist.gov/div898/handbook/eda/section3/gif/weiisur4.gif]
[www.itl.nist.gov/div898/handbook/eda/section3/eda3668.html]
[www.itl.nist.gov/div898/handbook/eda/section3/gif/lgnpdf4.gif]
[www.itl.nist.gov/div898/handbook/eda/section3/gif/lgncdf4.gif]
[www.itl.nist.gov/div898/handbook/eda/section3/gif/lgnppf4.gif]
[www.itl.nist.gov/div898/handbook/eda/section3/gif/lgnhaz4.gif]
[www.itl.nist.gov/div898/handbook/eda/section3/gif/lgncha4.gif]
[www.itl.nist.gov/div898/handbook/eda/section3/gif/lgnsurv4.gif]
[www.itl.nist.gov/div898/handbook/eda/section3/gif/lgnisur4.gif]
[www.itl.nist.gov/div898/handbook/eda/section3/eda3669.html]
[www.itl.nist.gov/div898/handbook/eda/section3/gif/flpdf4.gif]
[www.itl.nist.gov/div898/handbook/eda/section3/gif/flcdf4.gif]
[www.itl.nist.gov/div898/handbook/eda/section3/gif/flppf4.gif]
[www.itl.nist.gov/div898/handbook/eda/section3/gif/flhaz4.gif]
[www.itl.nist.gov/div898/handbook/eda/section3/gif/flcha4.gif]
[www.itl.nist.gov/div898/handbook/eda/section3/gif/flsur4.gif]
[www.itl.nist.gov/div898/handbook/eda/section3/gif/flisur4.gif]
[www.itl.nist.gov/div898/handbook/eda/section3/eda366a.html]
[www.itl.nist.gov/div898/handbook/eda/section3/gif/gampdf4.gif]
[www.itl.nist.gov/div898/handbook/eda/section3/gif/gamcdf4.gif]
[www.itl.nist.gov/div898/handbook/eda/section3/gif/gamppf4.gif]
[www.itl.nist.gov/div898/handbook/eda/section3/gif/gamhaz4.gif]
[www.itl.nist.gov/div898/handbook/eda/section3/gif/gamcha4.gif]
[www.itl.nist.gov/div898/handbook/eda/section3/gif/gamsurv4.gif]
[www.itl.nist.gov/div898/handbook/eda/section3/gif/gamisur4.gif]
[www.itl.nist.gov/div898/handbook/eda/section3/eda366b.html]
[www.itl.nist.gov/div898/handbook/eda/section3/gif/dexpdf.gif]
[www.itl.nist.gov/div898/handbook/eda/section3/gif/dexcdf.gif]
[www.itl.nist.gov/div898/handbook/eda/section3/gif/dexppf.gif]
[www.itl.nist.gov/div898/handbook/eda/section3/gif/dexhaz.gif]
[www.itl.nist.gov/div898/handbook/eda/section3/gif/dexcha.gif]
[www.itl.nist.gov/div898/handbook/eda/section3/gif/dexsurv.gif]
[www.itl.nist.gov/div898/handbook/eda/section3/eda366c.html]
[www.itl.nist.gov/div898/handbook/eda/section3/gif/dexisurv.gif]
[www.itl.nist.gov/div898/handbook/eda/section3/gif/pnrpdf4.gif]
[www.itl.nist.gov/div898/handbook/eda/section3/gif/pnrcdf4.gif]
[www.itl.nist.gov/div898/handbook/eda/section3/gif/pnrppf4.gif]
[www.itl.nist.gov/div898/handbook/eda/section3/gif/pnrhaz4.gif]
[www.itl.nist.gov/div898/handbook/eda/section3/gif/pnrcha4.gif]
[www.itl.nist.gov/div898/handbook/eda/section3/gif/pnrsurv4.gif]
[www.itl.nist.gov/div898/handbook/eda/section3/gif/pnrisur4.gif]
[www.itl.nist.gov/div898/handbook/eda/section3/eda366d.html]
[www.itl.nist.gov/div898/handbook/eda/section3/gif/plnpdf4.gif]
[www.itl.nist.gov/div898/handbook/eda/section3/gif/plncdf4.gif]
[www.itl.nist.gov/div898/handbook/eda/section3/gif/plnppf4.gif]
[www.itl.nist.gov/div898/handbook/eda/section3/gif/plnhaz4.gif]
[www.itl.nist.gov/div898/handbook/eda/section3/gif/plncha4.gif]
[www.itl.nist.gov/div898/handbook/eda/section3/gif/plnsurv4.gif]
[www.itl.nist.gov/div898/handbook/eda/section3/eda366e.html]
[www.itl.nist.gov/div898/handbook/eda/section3/gif/plnisur4.gif]
[www.itl.nist.gov/div898/handbook/eda/section3/gif/lampdf4.gif]
[www.itl.nist.gov/div898/handbook/eda/section3/gif/lamcdf4.gif]
[www.itl.nist.gov/div898/handbook/eda/section3/gif/lamppf4.gif]
[www.itl.nist.gov/div898/handbook/eda/section3/eda366f.html]
[www.itl.nist.gov/div898/handbook/eda/section3/gif/ev1pdf.gif]
[www.itl.nist.gov/div898/handbook/eda/section3/gif/ev1pdf2.gif]
[www.itl.nist.gov/div898/handbook/eda/section3/gif/ev1cdf.gif]
[www.itl.nist.gov/div898/handbook/eda/section3/gif/ev1cdf2.gif]
[www.itl.nist.gov/div898/handbook/eda/section3/gif/ev1ppf.gif]
[www.itl.nist.gov/div898/handbook/eda/section3/gif/ev1ppf2.gif]
[www.itl.nist.gov/div898/handbook/eda/section3/gif/ev1haz.gif]
[www.itl.nist.gov/div898/handbook/eda/section3/gif/ev1haz2.gif]
[www.itl.nist.gov/div898/handbook/eda/section3/gif/ev1cha.gif]
[www.itl.nist.gov/div898/handbook/eda/section3/gif/ev1cha2.gif]
[www.itl.nist.gov/div898/handbook/eda/section3/gif/ev1surv.gif]
[www.itl.nist.gov/div898/handbook/eda/section3/gif/ev1surv2.gif]
[www.itl.nist.gov/div898/handbook/eda/section3/gif/ev1isurv.gif]
[www.itl.nist.gov/div898/handbook/eda/section3/eda366g.html]
[www.itl.nist.gov/div898/handbook/eda/section3/gif/ev1isur2.gif]
[www.itl.nist.gov/div898/handbook/eda/section3/gif/betpdf4.gif]
[www.itl.nist.gov/div898/handbook/eda/section3/gif/betcdf4.gif]
[www.itl.nist.gov/div898/handbook/eda/section3/gif/betppf4.gif]
[www.itl.nist.gov/div898/handbook/eda/section3/eda366h.html]
[www.itl.nist.gov/div898/handbook/eda/section3/gif/binpdf4.gif]
[www.itl.nist.gov/div898/handbook/eda/section3/gif/bincdf4.gif]
[www.itl.nist.gov/div898/handbook/eda/section3/eda366i.html]
[www.itl.nist.gov/div898/handbook/eda/section3/gif/binppf4.gif]
[www.itl.nist.gov/div898/handbook/eda/section3/gif/poipdf4.gif]
[www.itl.nist.gov/div898/handbook/eda/section3/gif/poicdf4.gif]
[www.itl.nist.gov/div898/handbook/eda/section3/gif/poippf4.gif]
[www.itl.nist.gov/div898/handbook/eda/section3/eda366j.html]
[www.itl.nist.gov/div898/handbook/eda/section3/eqns/nu.gif]
[www.itl.nist.gov/div898/handbook/eda/section3/eda367.html]
[www.itl.nist.gov/div898/handbook/eda/section3/eda3671.html]
[www.itl.nist.gov/div898/handbook/eda/section3/gif/norpdftb.gif]
[www.itl.nist.gov/div898/handbook/eda/section3/gif/tpdftb.gif]
[www.itl.nist.gov/div898/handbook/eda/section3/eqns/infty.gif]
[www.itl.nist.gov/div898/handbook/eda/section3/eda3672.html]
[www.itl.nist.gov/div898/handbook/eda/section3/gif/fpdftb.gif]
[www.itl.nist.gov/div898/handbook/eda/section3/eda3673.html]
[www.itl.nist.gov/div898/handbook/eda/section3/gif/chspdftb.gif]
[www.itl.nist.gov/div898/handbook/eda/section3/eda3674.html]
[www.itl.nist.gov/div898/handbook/eda/section3/eda3675.html]
[www.itl.nist.gov/div898/handbook/eda/section3/eda3676.html]
[www.itl.nist.gov/div898/handbook/eda/section4/eda421.html]
[www.itl.nist.gov/div898/handbook/eda/section3/eqns/tstar05.gif]
[www.itl.nist.gov/div898/handbook/eda/section4/eda4213.dp]
[www.itl.nist.gov/div898/handbook/eda/section4/eda4211.html]
[www.itl.nist.gov/div898/handbook/eda/section4/randn4p/gif/4plot.gif]
[www.itl.nist.gov/div898/handbook/eda/section4/randn4p/gif/runseq.gif]
[www.itl.nist.gov/div898/handbook/eda/section4/randn4p/gif/lagplot.gif]
[www.itl.nist.gov/div898/handbook/eda/section4/randn4p/gif/histogra.gif]
[www.itl.nist.gov/div898/handbook/eda/section4/randn4p/gif/normprpl.gif]
[www.itl.nist.gov/div898/handbook/eda/section4/eda4212.html]
[www.itl.nist.gov/div898/handbook/eda/section4/randn4p/gif/autocorr.gif]
[www.itl.nist.gov/div898/handbook/eda/section4/eda4213.html]
[www.itl.nist.gov/div898/handbook/eda/section4/randn4p/dpmacros/data.dp]
[www.itl.nist.gov/div898/handbook/eda/section4/randn4p/dpmacros/4plot.dp]
[www.itl.nist.gov/div898/handbook/eda/section4/randn4p/dpmacros/runseq.dp]
[www.itl.nist.gov/div898/handbook/eda/section4/randn4p/dpmacros/lagplot.dp]
[www.itl.nist.gov/div898/handbook/eda/section4/randn4p/dpmacros/hist.dp]
[www.itl.nist.gov/div898/handbook/eda/section4/randn4p/dpmacros/normprpl.dp]
[www.itl.nist.gov/div898/handbook/eda/section4/randn4p/dpmacros/summary.dp]
[www.itl.nist.gov/div898/handbook/eda/section4/randn4p/dpmacros/location.dp]
[www.itl.nist.gov/div898/handbook/eda/section4/randn4p/dpmacros/variatio.dp]
[www.itl.nist.gov/div898/handbook/eda/section4/randn4p/dpmacros/random.dp]
[www.itl.nist.gov/div898/handbook/eda/section4/randn4p/dpmacros/distribu.dp]
[www.itl.nist.gov/div898/handbook/eda/section4/randn4p/dpmacros/outlier.dp]
[www.itl.nist.gov/div898/handbook/eda/section4/randn4p/dpmacros/report.dp]
[www.itl.nist.gov/div898/handbook/eda/section4/eda4214.html]
[www.itl.nist.gov/div898/handbook/eda/section4/eda422.html]
[www.itl.nist.gov/div898/handbook/eda/section4/eda4223.dp]
[www.itl.nist.gov/div898/handbook/eda/section4/eda4221.html]
[www.itl.nist.gov/div898/handbook/eda/section4/randu4p/gif/4plot.gif]
[www.itl.nist.gov/div898/handbook/eda/section4/randu4p/gif/runseq.gif]
[www.itl.nist.gov/div898/handbook/eda/section4/randu4p/gif/lagplot.gif]
[www.itl.nist.gov/div898/handbook/eda/section4/randu4p/gif/histnorm.gif]
[www.itl.nist.gov/div898/handbook/eda/section4/randu4p/gif/histunif.gif]
[www.itl.nist.gov/div898/handbook/eda/section4/randu4p/gif/normprpl.gif]
[www.itl.nist.gov/div898/handbook/eda/section4/randu4p/gif/unifprpl.gif]
[www.itl.nist.gov/div898/handbook/eda/section4/randu4p/gif/bootstra.gif]
[www.itl.nist.gov/div898/handbook/eda/section4/eda4222.html]
[www.itl.nist.gov/div898/handbook/eda/section4/randu4p/gif/autocorr.gif]
[www.itl.nist.gov/div898/handbook/eda/section4/eda4223.html]
[www.itl.nist.gov/div898/handbook/eda/section4/randu4p/dpmacros/data.dp]
[www.itl.nist.gov/div898/handbook/eda/section4/randu4p/dpmacros/4plot.dp]
[www.itl.nist.gov/div898/handbook/eda/section4/randu4p/dpmacros/runseq.dp]
[www.itl.nist.gov/div898/handbook/eda/section4/randu4p/dpmacros/lagplot.dp]
[www.itl.nist.gov/div898/handbook/eda/section4/randu4p/dpmacros/hist.dp]
[www.itl.nist.gov/div898/handbook/eda/section4/randu4p/dpmacros/hist2.dp]
[www.itl.nist.gov/div898/handbook/eda/section4/randu4p/dpmacros/normprpl.dp]
[www.itl.nist.gov/div898/handbook/eda/section4/randu4p/dpmacros/unifprpl.dp]
[www.itl.nist.gov/div898/handbook/eda/section4/randu4p/dpmacros/bootstrap.dp]
[www.itl.nist.gov/div898/handbook/eda/section4/randu4p/dpmacros/summary.dp]
[www.itl.nist.gov/div898/handbook/eda/section4/randu4p/dpmacros/location.dp]
[www.itl.nist.gov/div898/handbook/eda/section4/randu4p/dpmacros/variatio.dp]
[www.itl.nist.gov/div898/handbook/eda/section4/randu4p/dpmacros/random.dp]
[www.itl.nist.gov/div898/handbook/eda/section4/randu4p/dpmacros/distribu.dp]
[www.itl.nist.gov/div898/handbook/eda/section4/eda4224.html]
[www.itl.nist.gov/div898/handbook/eda/section4/eda423.html]
[www.itl.nist.gov/div898/handbook/eda/section4/randu4p/dpmacros/report.dp]
[www.itl.nist.gov/div898/handbook/eda/section4/eda4233.dp]
[www.itl.nist.gov/div898/handbook/eda/section4/eda4231.html]
[www.itl.nist.gov/div898/handbook/eda/section4/randwalk/gif/randwa4p.gif]
[www.itl.nist.gov/div898/handbook/eda/section4/randwalk/gif/autocorr.gif]
[www.itl.nist.gov/div898/handbook/eda/section4/randwalk/gif/spectrum.gif]
[www.itl.nist.gov/div898/handbook/eda/section4/eda4232.html]
[www.itl.nist.gov/div898/handbook/eda/section4/eda4233.html]
[www.itl.nist.gov/div898/handbook/eda/section4/randwalk/gif/plotpred.gif]
[www.itl.nist.gov/div898/handbook/eda/section4/randwalk/gif/4plotres.gif]
[www.itl.nist.gov/div898/handbook/eda/section4/randwalk/gif/unifprpl.gif]
[www.itl.nist.gov/div898/handbook/eda/section4/eda4234.html]
[www.itl.nist.gov/div898/handbook/eda/section4/randwalk/dpmacros/data.dp]
[www.itl.nist.gov/div898/handbook/eda/section4/randwalk/dpmacros/4plot.dp]
[www.itl.nist.gov/div898/handbook/eda/section4/randwalk/dpmacros/summary.dp]
[www.itl.nist.gov/div898/handbook/eda/section4/randwalk/dpmacros/location.dp]
[www.itl.nist.gov/div898/handbook/eda/section4/randwalk/dpmacros/variatio.dp]
[www.itl.nist.gov/div898/handbook/eda/section4/randwalk/dpmacros/random.dp]
[www.itl.nist.gov/div898/handbook/eda/section4/randwalk/dpmacros/autocorr.dp]
[www.itl.nist.gov/div898/handbook/eda/section4/randwalk/dpmacros/spectrum.dp]
[www.itl.nist.gov/div898/handbook/eda/section4/randwalk/dpmacros/ar.dp]
[www.itl.nist.gov/div898/handbook/eda/section4/randwalk/dpmacros/plotpred.dp]
[www.itl.nist.gov/div898/handbook/eda/section4/randwalk/dpmacros/4plotres.dp]
[www.itl.nist.gov/div898/handbook/eda/section4/randwalk/dpmacros/unifprpl.dp]
[www.itl.nist.gov/div898/handbook/eda/section4/eda4235.html]
[www.itl.nist.gov/div898/handbook/eda/section4/eda424.html]
[www.itl.nist.gov/div898/handbook/eda/section4/eda4243.dp]
[www.itl.nist.gov/div898/handbook/eda/section4/eda4241.html]
[www.itl.nist.gov/div898/handbook/eda/section4/soulen/gif/4plot.gif]
[www.itl.nist.gov/div898/handbook/eda/section4/soulen/gif/runseq.gif]
[www.itl.nist.gov/div898/handbook/eda/section4/soulen/gif/lagplot.gif]
[www.itl.nist.gov/div898/handbook/eda/section4/soulen/gif/hist.gif]
[www.itl.nist.gov/div898/handbook/eda/section4/soulen/gif/normprpl.gif]
[www.itl.nist.gov/div898/handbook/eda/section4/eda4242.html]
[www.itl.nist.gov/div898/handbook/eda/section4/soulen/gif/autocorr.gif]
[www.itl.nist.gov/div898/handbook/eda/section4/eda4243.html]
[www.itl.nist.gov/div898/handbook/eda/section4/soulen/dpmacros/data.dp]
[www.itl.nist.gov/div898/handbook/eda/section4/soulen/dpmacros/4plot.dp]
[www.itl.nist.gov/div898/handbook/eda/section4/soulen/dpmacros/runseq.dp]
[www.itl.nist.gov/div898/handbook/eda/section4/soulen/dpmacros/lagplot.dp]
[www.itl.nist.gov/div898/handbook/eda/section4/soulen/dpmacros/hist.dp]
[www.itl.nist.gov/div898/handbook/eda/section4/soulen/dpmacros/normprpl.dp]
[www.itl.nist.gov/div898/handbook/eda/section4/soulen/dpmacros/summary.dp]
[www.itl.nist.gov/div898/handbook/eda/section4/soulen/dpmacros/location.dp]
[www.itl.nist.gov/div898/handbook/eda/section4/soulen/dpmacros/variatio.dp]
[www.itl.nist.gov/div898/handbook/eda/section4/soulen/dpmacros/random.dp]
[www.itl.nist.gov/div898/handbook/eda/section4/soulen/dpmacros/distribu.dp]
[www.itl.nist.gov/div898/handbook/eda/section4/soulen/dpmacros/outlier.dp]
[www.itl.nist.gov/div898/handbook/eda/section4/eda4244.html]
[www.itl.nist.gov/div898/handbook/eda/section4/eda425.html]
[www.itl.nist.gov/div898/handbook/eda/section4/eda4251.html]
[www.itl.nist.gov/div898/handbook/eda/section4/soulen/dpmacros/report.dp]
[www.itl.nist.gov/div898/handbook/eda/section4/lew/gif/4plot.gif]
[www.itl.nist.gov/div898/handbook/eda/section4/lew/gif/runseq.gif]
[www.itl.nist.gov/div898/handbook/eda/section4/lew/gif/lagplot.gif]
[www.itl.nist.gov/div898/handbook/eda/section4/lew/gif/autocorr.gif]
[www.itl.nist.gov/div898/handbook/eda/section4/lew/gif/spectrum.gif]
[www.itl.nist.gov/div898/handbook/eda/section4/eda4252.html]
[www.itl.nist.gov/div898/handbook/eda/section4/lew/gif/compdeph.gif]
[www.itl.nist.gov/div898/handbook/eda/section4/lew/gif/compdeam.gif]
[www.itl.nist.gov/div898/handbook/eda/section4/eda4253.html]
[www.itl.nist.gov/div898/handbook/eda/section4/lew/gif/4plotres.gif]
[www.itl.nist.gov/div898/handbook/eda/section4/lew/gif/4plotre2.gif]
[www.itl.nist.gov/div898/handbook/eda/section4/eda4254.html]
[www.itl.nist.gov/div898/handbook/eda/section4/lew/dpmacros/data.dp]
[www.itl.nist.gov/div898/handbook/eda/section4/lew/dpmacros/4plot.dp]
[www.itl.nist.gov/div898/handbook/eda/section4/lew/dpmacros/runseq.dp]
[www.itl.nist.gov/div898/handbook/eda/section4/lew/dpmacros/lagplot.dp]
[www.itl.nist.gov/div898/handbook/eda/section4/lew/dpmacros/autocorr.dp]
[www.itl.nist.gov/div898/handbook/eda/section4/lew/dpmacros/spectrum.dp]
[www.itl.nist.gov/div898/handbook/eda/section4/lew/dpmacros/summary.dp]
[www.itl.nist.gov/div898/handbook/eda/section4/lew/dpmacros/location.dp]
[www.itl.nist.gov/div898/handbook/eda/section4/lew/dpmacros/variatio.dp]
[www.itl.nist.gov/div898/handbook/eda/section4/lew/dpmacros/random.dp]
[www.itl.nist.gov/div898/handbook/eda/section4/lew/dpmacros/compdeph.dp]
[www.itl.nist.gov/div898/handbook/eda/section4/lew/dpmacros/compdeam.dp]
[www.itl.nist.gov/div898/handbook/eda/section4/lew/dpmacros/ar.dp]
[www.itl.nist.gov/div898/handbook/eda/section4/lew/dpmacros/4plotres.dp]
[www.itl.nist.gov/div898/handbook/eda/section4/lew/dpmacros/ar.2.dp]
[www.itl.nist.gov/div898/handbook/eda/section4/lew/dpmacros/4plotre2.dp]
[www.itl.nist.gov/div898/handbook/eda/section4/eda4255.html]
[www.itl.nist.gov/div898/handbook/eda/section4/eda426.html]
[www.itl.nist.gov/div898/handbook/eda/section4/eda4263.dp]
[www.itl.nist.gov/div898/handbook/eda/section4/eda4261.html]
[www.itl.nist.gov/div898/handbook/eda/section4/mavro/gif/4plot.gif]
[www.itl.nist.gov/div898/handbook/eda/section4/mavro/gif/runseq.gif]
[www.itl.nist.gov/div898/handbook/eda/section4/mavro/gif/lagplot.gif]
[www.itl.nist.gov/div898/handbook/eda/section4/eda4262.html]
[www.itl.nist.gov/div898/handbook/eda/section4/eda4263.html]
[www.itl.nist.gov/div898/handbook/eda/section4/mavro/gif/autocorr.gif]
[www.itl.nist.gov/div898/handbook/eda/section4/mavro/dpmacros/data.dp]
[www.itl.nist.gov/div898/handbook/eda/section4/mavro/dpmacros/4plot.dp]
[www.itl.nist.gov/div898/handbook/eda/section4/mavro/dpmacros/runseq.dp]
[www.itl.nist.gov/div898/handbook/eda/section4/mavro/dpmacros/lagplot.dp]
[www.itl.nist.gov/div898/handbook/eda/section4/mavro/dpmacros/summary.dp]
[www.itl.nist.gov/div898/handbook/eda/section4/mavro/dpmacros/location.dp]
[www.itl.nist.gov/div898/handbook/eda/section4/mavro/dpmacros/variatio.dp]
[www.itl.nist.gov/div898/handbook/eda/section4/mavro/dpmacros/random.dp]
[www.itl.nist.gov/div898/handbook/eda/section4/mavro/dpmacros/report.dp]
[www.itl.nist.gov/div898/handbook/eda/section4/eda4264.html]
[www.itl.nist.gov/div898/handbook/eda/section4/eda427.html]
[www.itl.nist.gov/div898/handbook/eda/section4/eda4273.dp]
[www.itl.nist.gov/div898/handbook/eda/section4/eda4271.html]
[www.itl.nist.gov/div898/handbook/eda/section4/resistor/gif/4plot.gif]
[www.itl.nist.gov/div898/handbook/eda/section4/resistor/gif/runseq.gif]
[www.itl.nist.gov/div898/handbook/eda/section4/resistor/gif/lagplot.gif]
[www.itl.nist.gov/div898/handbook/eda/section4/eda4272.html]
[www.itl.nist.gov/div898/handbook/eda/section4/eda4273.html]
[www.itl.nist.gov/div898/handbook/eda/section4/resistor/gif/autocorr.gif]
[www.itl.nist.gov/div898/handbook/eda/section4/resistor/dpmacros/data.dp]
[www.itl.nist.gov/div898/handbook/eda/section4/resistor/dpmacros/4plot.dp]
[www.itl.nist.gov/div898/handbook/eda/section4/resistor/dpmacros/runseq.dp]
[www.itl.nist.gov/div898/handbook/eda/section4/resistor/dpmacros/lagplot.dp]
[www.itl.nist.gov/div898/handbook/eda/section4/resistor/dpmacros/summary.dp]
[www.itl.nist.gov/div898/handbook/eda/section4/resistor/dpmacros/location.dp]
[www.itl.nist.gov/div898/handbook/eda/section4/resistor/dpmacros/variatio.dp]
[www.itl.nist.gov/div898/handbook/eda/section4/resistor/dpmacros/random.dp]
[www.itl.nist.gov/div898/handbook/eda/section4/eda4274.html]
[www.itl.nist.gov/div898/handbook/eda/section4/resistor/dpmacros/report.dp]
[www.itl.nist.gov/div898/handbook/eda/section4/eda428.html]
[www.itl.nist.gov/div898/handbook/eda/section4/eda4283.dp]
[www.itl.nist.gov/div898/handbook/eda/section4/eda4281.html]
[www.itl.nist.gov/div898/handbook/eda/section4/zarr13/gif/4plot.gif]
[www.itl.nist.gov/div898/handbook/eda/section4/zarr13/gif/runseq.gif]
[www.itl.nist.gov/div898/handbook/eda/section4/zarr13/gif/lagplot.gif]
[www.itl.nist.gov/div898/handbook/eda/section4/zarr13/gif/hist.gif]
[www.itl.nist.gov/div898/handbook/eda/section4/zarr13/gif/normprpl.gif]
[www.itl.nist.gov/div898/handbook/eda/section4/eda4282.html]
[www.itl.nist.gov/div898/handbook/eda/section4/zarr13/gif/autocorr.gif]
[www.itl.nist.gov/div898/handbook/eda/section4/eda4283.html]
[www.itl.nist.gov/div898/handbook/eda/section4/zarr13/dpmacros/data.dp]
[www.itl.nist.gov/div898/handbook/eda/section4/zarr13/dpmacros/4plot.dp]
[www.itl.nist.gov/div898/handbook/eda/section4/zarr13/dpmacros/runseq.dp]
[www.itl.nist.gov/div898/handbook/eda/section4/zarr13/dpmacros/lagplot.dp]
[www.itl.nist.gov/div898/handbook/eda/section4/zarr13/dpmacros/hist.dp]
[www.itl.nist.gov/div898/handbook/eda/section4/zarr13/dpmacros/normprpl.dp]
[www.itl.nist.gov/div898/handbook/eda/section4/zarr13/dpmacros/summary.dp]
[www.itl.nist.gov/div898/handbook/eda/section4/zarr13/dpmacros/location.dp]
[www.itl.nist.gov/div898/handbook/eda/section4/zarr13/dpmacros/variatio.dp]
[www.itl.nist.gov/div898/handbook/eda/section4/zarr13/dpmacros/random.dp]
[www.itl.nist.gov/div898/handbook/eda/section4/zarr13/dpmacros/distribu.dp]
[www.itl.nist.gov/div898/handbook/eda/section4/zarr13/dpmacros/outlier.dp]
[www.itl.nist.gov/div898/handbook/eda/section4/eda4284.html]
[www.itl.nist.gov/div898/handbook/eda/section4/eda429.html]
[www.itl.nist.gov/div898/handbook/eda/section4/zarr13/dpmacros/report.dp]
[www.itl.nist.gov/div898/handbook/eda/section4/eda4291.html]
[www.itl.nist.gov/div898/handbook/eda/section4/eda4292_r01.gif]
[www.itl.nist.gov/div898/handbook/eda/section4/eda4292_r02.gif]
[www.itl.nist.gov/div898/handbook/eda/section4/eda4292_r03.gif]
[www.itl.nist.gov/div898/handbook/eda/section4/eda4292_r04.gif]
[www.itl.nist.gov/div898/handbook/eda/section4/eda4292_r05.gif]
[www.itl.nist.gov/div898/handbook/eda/section4/eda4292_eq.gif]
[www.itl.nist.gov/div898/handbook/eda/section4/eda4292.html]
[www.itl.nist.gov/div898/handbook/eda/section4/eda42a.html]
[www.itl.nist.gov/div898/handbook/eda/section4/eda42a3.dp]
[www.itl.nist.gov/div898/handbook/eda/section4/eda42a1.html]
[www.itl.nist.gov/div898/handbook/eda/section4/eda42a2.html]
[www.itl.nist.gov/div898/handbook/eda/section4/jahanmi2/gif/4plot.gif]
[www.itl.nist.gov/div898/handbook/eda/section4/jahanmi2/gif/bihistog.gif]
[www.itl.nist.gov/div898/handbook/eda/section4/jahanmi2/gif/qqplot.gif]
[www.itl.nist.gov/div898/handbook/eda/section4/jahanmi2/gif/boxplot.gif]
[www.itl.nist.gov/div898/handbook/eda/section4/eda42a3.html]
[www.itl.nist.gov/div898/handbook/eda/section4/jahanmi2/gif/blockpl1.gif]
[www.itl.nist.gov/div898/handbook/eda/section4/jahanmi2/gif/boxplotl.gif]
[www.itl.nist.gov/div898/handbook/eda/section4/jahanmi2/gif/boxpltl1.gif]
[www.itl.nist.gov/div898/handbook/eda/section4/eda42a4.html]
[www.itl.nist.gov/div898/handbook/eda/section4/jahanmi2/gif/boxpltl2.gif]
[www.itl.nist.gov/div898/handbook/eda/section4/eda42a5_r01.gif]
[www.itl.nist.gov/div898/handbook/eda/section4/eda42a5_r02.gif]
[www.itl.nist.gov/div898/handbook/eda/section4/eda42a5_r03.gif]
[www.itl.nist.gov/div898/handbook/eda/section4/eda42a5_r04.gif]
[www.itl.nist.gov/div898/handbook/eda/section4/eda42a5_r05.gif]
[www.itl.nist.gov/div898/handbook/eda/section4/eda42a5_r06.gif]
[www.itl.nist.gov/div898/handbook/eda/section4/eda42a5_r07.gif]
[www.itl.nist.gov/div898/handbook/eda/section4/eda42a5_r08.gif]
[www.itl.nist.gov/div898/handbook/eda/section4/eda42a5.html]
[www.itl.nist.gov/div898/handbook/eda/section4/jahanmi2/dpmacros/data.dp]
[www.itl.nist.gov/div898/handbook/eda/section4/jahanmi2/dpmacros/summary.dp]
[www.itl.nist.gov/div898/handbook/eda/section4/jahanmi2/dpmacros/4plot.dp]
[www.itl.nist.gov/div898/handbook/eda/section4/jahanmi2/dpmacros/bihistog.dp]
[www.itl.nist.gov/div898/handbook/eda/section4/jahanmi2/dpmacros/qqplot.dp]
[www.itl.nist.gov/div898/handbook/eda/section4/jahanmi2/dpmacros/boxplot.dp]
[www.itl.nist.gov/div898/handbook/eda/section4/jahanmi2/dpmacros/blockpl1.dp]
[www.itl.nist.gov/div898/handbook/eda/section4/jahanmi2/dpmacros/ttest.dp]
[www.itl.nist.gov/div898/handbook/eda/section4/jahanmi2/dpmacros/ftest.dp]
[www.itl.nist.gov/div898/handbook/eda/section4/jahanmi2/dpmacros/boxplotl.dp]
[www.itl.nist.gov/div898/handbook/eda/section4/jahanmi2/dpmacros/boxpltl1.dp]
[www.itl.nist.gov/div898/handbook/eda/section4/jahanmi2/dpmacros/boxpltl2.dp]
[www.itl.nist.gov/div898/handbook/eda/section4/jahanmi2/dpmacros/dexscat1.dp]
[www.itl.nist.gov/div898/handbook/eda/section4/jahanmi2/dpmacros/dexmean1.dp]
[www.itl.nist.gov/div898/handbook/eda/section4/jahanmi2/dpmacros/dexsd1.dp]
[www.itl.nist.gov/div898/handbook/eda/section4/jahanmi2/dpmacros/dexscat2.dp]
[www.itl.nist.gov/div898/handbook/eda/section4/jahanmi2/dpmacros/dexmean2.dp]
[www.itl.nist.gov/div898/handbook/eda/section4/jahanmi2/dpmacros/dexsd2.dp]
[www.itl.nist.gov/div898/handbook/eda/section4/jahanmi2/dpmacros/dexint1.dp]
[www.itl.nist.gov/div898/handbook/eda/section4/eda42a6.html]
[www.itl.nist.gov/div898/handbook/mpc/section1/mpc111.html]
[www.itl.nist.gov/div898/handbook/mpc/section1/mpc112.html]
[www.itl.nist.gov/div898/handbook/eda/section4/jahanmi2/dpmacros/dexint2.dp]
[www.itl.nist.gov/div898/handbook/mpc/section1/mpc113a.gif]
[www.itl.nist.gov/div898/handbook/mpc/section1/mpc113b.gif]
[www.itl.nist.gov/div898/handbook/mpc/section1/mpc113.html]
[www.itl.nist.gov/div898/handbook/mpc/section1/mpc114a.gif]
[www.itl.nist.gov/div898/handbook/mpc/section1/mpc114.html]
[www.itl.nist.gov/div898/handbook/mpc/section1/mpc121.html]
[www.itl.nist.gov/div898/handbook/mpc/section1/mpc114b.gif]
[www.itl.nist.gov/div898/handbook/mpc/section1/mpc122a.gif]
[www.itl.nist.gov/div898/handbook/mpc/section1/mpc122.html]
[www.itl.nist.gov/div898/handbook/mpc/section1/mpc123.html]
[www.itl.nist.gov/div898/handbook/mpc/section2/mpc221.html]
[www.itl.nist.gov/div898/handbook/mpc/section2/mpc2211.html]
[www.itl.nist.gov/div898/handbook/mpc/section2/mpc222.html]
[www.itl.nist.gov/div898/handbook/mpc/section3/mpc3521a.gif]
[www.itl.nist.gov/div898/handbook/mpc/section2/mpc223.html]
[www.itl.nist.gov/div898/handbook/mpc/section2/mpc224.html]
[www.itl.nist.gov/div898/handbook/mpc/section3/mpc3522c.gif]
[www.itl.nist.gov/div898/handbook/mpc/section2/mpc231d.dp]
[www.itl.nist.gov/div898/handbook/mpc/section2/mpc231.html]
[www.itl.nist.gov/div898/handbook/mpc/section2/mpc232.html]
[www.itl.nist.gov/div898/handbook/mpc/section3/mpc3511a.gif]
[www.itl.nist.gov/div898/handbook/mpc/section2/mpc233.html]
[www.itl.nist.gov/div898/handbook/mpc/section2/mpc234.html]
[www.itl.nist.gov/div898/handbook/mpc/section3/mpc311.html]
[www.itl.nist.gov/div898/handbook/mpc/section3/mpc312.html]
[www.itl.nist.gov/div898/handbook/mpc/section3/mpc331.html]
[www.itl.nist.gov/div898/handbook/mpc/section3/mpc3311.html]
[www.itl.nist.gov/div898/handbook/mpc/section3/mpc3312.html]
[www.itl.nist.gov/div898/handbook/mpc/section3/mpc332.html]
[www.itl.nist.gov/div898/handbook/mpc/section3/vip.gif]
[www.itl.nist.gov/div898/handbook/mpc/section3/amat.gif]
[www.itl.nist.gov/div898/handbook/mpc/section3/amatinv.gif]
[www.itl.nist.gov/div898/handbook/mpc/section3/mpc3321a.gif]
[www.itl.nist.gov/div898/handbook/mpc/section3/xmat.gif]
[www.itl.nist.gov/div898/handbook/mpc/section3/ymat.gif]
[www.itl.nist.gov/div898/handbook/mpc/section3/xpxmat.gif]
[www.itl.nist.gov/div898/handbook/mpc/section3/amat2.gif]
[www.itl.nist.gov/div898/handbook/mpc/section3/amatinv2.gif]
[www.itl.nist.gov/div898/handbook/mpc/section3/qmat.gif]
[www.itl.nist.gov/div898/handbook/mpc/section3/xqmat.gif]
[www.itl.nist.gov/div898/handbook/mpc/section3/bmat1.gif]
[www.itl.nist.gov/div898/handbook/mpc/section3/bmat2.gif]
[www.itl.nist.gov/div898/handbook/mpc/section3/sitemi.gif]
[www.itl.nist.gov/div898/handbook/mpc/section3/mpc3321c.gif]
[www.itl.nist.gov/div898/handbook/mpc/section3/mpc3321d.gif]
[www.itl.nist.gov/div898/handbook/mpc/section3/s1a.gif]
[www.itl.nist.gov/div898/handbook/mpc/section3/s1a2.gif]
[www.itl.nist.gov/div898/handbook/mpc/section3/dmat.gif]
[www.itl.nist.gov/div898/handbook/mpc/section3/s1days.gif]
[www.itl.nist.gov/div898/handbook/mpc/section3/viqvit.gif]
[www.itl.nist.gov/div898/handbook/mpc/section3/vidvit.gif]
[www.itl.nist.gov/div898/handbook/mpc/section3/sitem3.gif]
[www.itl.nist.gov/div898/handbook/mpc/section3/mpc3321.html]
[www.itl.nist.gov/div898/handbook/mpc/section3/mpc333.html]
[www.itl.nist.gov/div898/handbook/mpc/section3/mpc3331.html]
[www.itl.nist.gov/div898/handbook/mpc/section3/mpc3332.html]
[www.itl.nist.gov/div898/handbook/mpc/section3/mpc3333.html]
[www.itl.nist.gov/div898/handbook/mpc/section3/mpc3334.html]
[www.itl.nist.gov/div898/handbook/mpc/section3/mpc3335.html]
[www.itl.nist.gov/div898/handbook/mpc/section3/mpc3336.html]
[www.itl.nist.gov/div898/handbook/mpc/section3/mpc341d.gif]
[www.itl.nist.gov/div898/handbook/mpc/section3/mpc341.html]
[www.itl.nist.gov/div898/handbook/mpc/section3/mpc3411.html]
[www.itl.nist.gov/div898/handbook/mpc/section3/mpc3412.html]
[www.itl.nist.gov/div898/handbook/mpc/section3/mpc3413.html]
[www.itl.nist.gov/div898/handbook/mpc/section3/mpc3414.html]
[www.itl.nist.gov/div898/handbook/mpc/section3/mpc3415.html]
[www.itl.nist.gov/div898/handbook/mpc/section3/mpc3416.html]
[www.itl.nist.gov/div898/handbook/mpc/section3/mpc3417.html]
[www.itl.nist.gov/div898/handbook/mpc/section3/mpc3418.html]
[www.itl.nist.gov/div898/handbook/mpc/section3/mpc3419.html]
[www.itl.nist.gov/div898/handbook/mpc/section3/mpc341a.html]
[www.itl.nist.gov/div898/handbook/mpc/section3/mpc341b.html]
[www.itl.nist.gov/div898/handbook/mpc/section3/mpc341c.html]
[www.itl.nist.gov/div898/handbook/mpc/section3/mpc341d.html]
[www.itl.nist.gov/div898/handbook/mpc/section3/mpc341e.html]
[www.itl.nist.gov/div898/handbook/mpc/section3/mpc341f.html]
[www.itl.nist.gov/div898/handbook/mpc/section3/mpc341g.html]
[www.itl.nist.gov/div898/handbook/mpc/section3/mpc341h.html]
[www.itl.nist.gov/div898/handbook/mpc/section3/mpc341i.html]
[www.itl.nist.gov/div898/handbook/mpc/section3/mpc342.html]
[www.itl.nist.gov/div898/handbook/mpc/section3/mpc3421.html]
[www.itl.nist.gov/div898/handbook/mpc/section3/mpc3422.html]
[www.itl.nist.gov/div898/handbook/mpc/section3/mpc3423.html]
[www.itl.nist.gov/div898/handbook/mpc/section3/mpc3424.html]
[www.itl.nist.gov/div898/handbook/mpc/section3/mpc3425.html]
[www.itl.nist.gov/div898/handbook/mpc/section3/mpc3426.html]
[www.itl.nist.gov/div898/handbook/mpc/section3/mpc3427.html]
[www.itl.nist.gov/div898/handbook/mpc/section3/mpc3428.html]
[www.itl.nist.gov/div898/handbook/mpc/section3/mpc3429.html]
[www.itl.nist.gov/div898/handbook/mpc/section3/mpc342a.html]
[www.itl.nist.gov/div898/handbook/mpc/section3/mpc342b.html]
[www.itl.nist.gov/div898/handbook/mpc/section3/mpc343.html]
[www.itl.nist.gov/div898/handbook/mpc/section3/mpc3431.html]
[www.itl.nist.gov/div898/handbook/mpc/section3/mpc3432.html]
[www.itl.nist.gov/div898/handbook/mpc/section3/mpc3433.html]
[www.itl.nist.gov/div898/handbook/mpc/section3/mpc3434.html]
[www.itl.nist.gov/div898/handbook/mpc/section3/mpc3435.html]
[www.itl.nist.gov/div898/handbook/mpc/section3/mpc3436.html]
[www.itl.nist.gov/div898/handbook/mpc/section3/mpc3437.html]
[www.itl.nist.gov/div898/handbook/mpc/section3/mpc3438.html]
[www.itl.nist.gov/div898/handbook/mpc/section3/mpc3439.html]
[www.itl.nist.gov/div898/handbook/mpc/section3/mpc343a.html]
[www.itl.nist.gov/div898/handbook/mpc/section3/mpc344.gif]
[www.itl.nist.gov/div898/handbook/mpc/section3/mpc344.html]
[www.itl.nist.gov/div898/handbook/mpc/section3/mpc3441.html]
[www.itl.nist.gov/div898/handbook/mpc/section3/mpc3442.html]
[www.itl.nist.gov/div898/handbook/mpc/section3/mpc345.html]
[www.itl.nist.gov/div898/handbook/mpc/section3/mpc3451.html]
[www.itl.nist.gov/div898/handbook/mpc/section3/mpc3452.html]
[www.itl.nist.gov/div898/handbook/mpc/section3/mpc3453.html]
[www.itl.nist.gov/div898/handbook/mpc/section3/mpc346.html]
[www.itl.nist.gov/div898/handbook/mpc/section3/mpc347.html]
[www.itl.nist.gov/div898/handbook/mpc/section3/mpc3471.html]
[www.itl.nist.gov/div898/handbook/mpc/section3/mpc351.html]
[www.itl.nist.gov/div898/handbook/mpc/section3/mpc345.gif]
[www.itl.nist.gov/div898/handbook/mpc/section3/mpc3511.dp]
[www.itl.nist.gov/div898/handbook/mpc/section3/mpc3511a_r.gif]
[www.itl.nist.gov/div898/handbook/mpc/section3/mpc3511.html]
[www.itl.nist.gov/div898/handbook/mpc/section3/mpc352.dp]
[www.itl.nist.gov/div898/handbook/mpc/section3/mpc352.html]
[www.itl.nist.gov/div898/handbook/mpc/section3/mpc3521a_r.gif]
[www.itl.nist.gov/div898/handbook/mpc/section3/mpc3521b_r.gif]
[www.itl.nist.gov/div898/handbook/mpc/section3/mpc3521.dp]
[www.itl.nist.gov/div898/handbook/mpc/section3/mpc3521.html]
[www.itl.nist.gov/div898/handbook/mpc/section3/mpc3522c_r.gif]
[www.itl.nist.gov/div898/handbook/mpc/section3/mpc3522a.dp]
[www.itl.nist.gov/div898/handbook/mpc/section3/mpc3522.html]
[www.itl.nist.gov/div898/handbook/mpc/section3/mpc361.html]
[www.itl.nist.gov/div898/handbook/mpc/section3/mpc362.html]
[www.itl.nist.gov/div898/handbook/mpc/section3/mpc363.html]
[www.itl.nist.gov/div898/handbook/mpc/section3/mpc364.html]
[www.itl.nist.gov/div898/handbook/mpc/section3/mpc3641a.gif]
[www.itl.nist.gov/div898/handbook/mpc/section3/mpc3641b.gif]
[www.itl.nist.gov/div898/handbook/mpc/section3/mpc3641.html]
[www.itl.nist.gov/div898/handbook/mpc/section3/mpc3641c.gif]
[www.itl.nist.gov/div898/handbook/mpc/section3/mpc365.dp]
[www.itl.nist.gov/div898/handbook/mpc/section3/mpc365.html]
[www.itl.nist.gov/div898/handbook/mpc/section3/mpc3651.html]
[www.itl.nist.gov/div898/handbook/mpc/section3/mpc366.html]
[www.itl.nist.gov/div898/handbook/mpc/section3/mpc367.html]
[www.itl.nist.gov/div898/handbook/mpc/section3/mpc3671a.jpg]
[www.itl.nist.gov/div898/handbook/mpc/section3/mpc3671b.jpg]
[www.itl.nist.gov/div898/handbook/mpc/section3/quadform_cov.gif]
[www.itl.nist.gov/div898/handbook/mpc/section3/mpc3671c_r.jpg]
[www.itl.nist.gov/div898/handbook/mpc/section3/mpc3671.dp]
[www.itl.nist.gov/div898/handbook/mpc/section3/mpc3671.html]
[www.itl.nist.gov/div898/handbook/mpc/section3/mpc3672.dp]
[www.itl.nist.gov/div898/handbook/mpc/section3/mpc3672.html]
[www.itl.nist.gov/div898/handbook/mpc/section3/mpc3673.dp]
[www.itl.nist.gov/div898/handbook/mpc/section3/mpc3673.html]
[www.itl.nist.gov/div898/handbook/mpc/section3/mpc3673a_r.gif]
[www.itl.nist.gov/div898/handbook/mpc/section3/mpc371.dp]
[www.itl.nist.gov/div898/handbook/mpc/section3/mpc371.html]
[www.itl.nist.gov/div898/handbook/mpc/section4/mpc431.html]
[www.itl.nist.gov/div898/handbook/mpc/section4/mpc432.html]
[www.itl.nist.gov/div898/handbook/mpc/section3/mpc371a_r.gif]
[www.itl.nist.gov/div898/handbook/mpc/section4/mpc43a.gif]
[www.itl.nist.gov/div898/handbook/mpc/section4/mpc433.html]
[www.itl.nist.gov/div898/handbook/mpc/section4/mpc441.dp]
[www.itl.nist.gov/div898/handbook/mpc/section4/mpc441.html]
[www.itl.nist.gov/div898/handbook/mpc/section4/mpc442.dp]
[www.itl.nist.gov/div898/handbook/mpc/section4/mpc442.html]
[www.itl.nist.gov/div898/handbook/mpc/section4/mpc443.dp]
[www.itl.nist.gov/div898/handbook/mpc/section4/mpc443.html]
[www.itl.nist.gov/div898/handbook/mpc/section4/mpc441b.gif]
[www.itl.nist.gov/div898/handbook/mpc/section4/mpc441c.gif]
[www.itl.nist.gov/div898/handbook/mpc/section4/mpc441d.gif]
[www.itl.nist.gov/div898/handbook/mpc/section4/mpc4444.html]
[www.itl.nist.gov/div898/handbook/mpc/section4/mpc451.html]
[www.itl.nist.gov/div898/handbook/mpc/section4/mpc452.html]
[www.itl.nist.gov/div898/handbook/mpc/section4/mpc453.html]
[www.itl.nist.gov/div898/handbook/mpc/section4/mpc454.html]
[www.itl.nist.gov/div898/handbook/mpc/section4/mpc455.html]
[www.itl.nist.gov/div898/handbook/mpc/section4/mpc456.html]
[www.itl.nist.gov/div898/handbook/mpc/section5/mpc521.html]
[www.itl.nist.gov/div898/handbook/mpc/section5/mpc531.html]
[www.itl.nist.gov/div898/handbook/mpc/section5/mpc5311.html]
[www.itl.nist.gov/div898/handbook/mpc/section5/mpc5312.html]
[www.itl.nist.gov/div898/handbook/mpc/section5/mpc532.html]
[www.itl.nist.gov/div898/handbook/mpc/section5/mpc5321.html]
[www.itl.nist.gov/div898/handbook/mpc/section5/mpc533.html]
[www.itl.nist.gov/div898/handbook/mpc/section5/mpc5331.html]
[www.itl.nist.gov/div898/handbook/mpc/section5/mpc5332.html]
[www.itl.nist.gov/div898/handbook/mpc/section5/mpc536a.dp]
[www.itl.nist.gov/div898/handbook/mpc/section5/mpc536.gif]
[www.itl.nist.gov/div898/handbook/mpc/section5/mpc5333.html]
[www.itl.nist.gov/div898/handbook/mpc/section5/mpc536b.dp]
[www.itl.nist.gov/div898/handbook/mpc/section5/mpc541d.gif]
[www.itl.nist.gov/div898/handbook/mpc/section5/mpc541e.gif]
[www.itl.nist.gov/div898/handbook/mpc/section5/mpc541.html]
[www.itl.nist.gov/div898/handbook/mpc/section5/mpc541f.gif]
[www.itl.nist.gov/div898/handbook/mpc/section5/mpc551.html]
[www.itl.nist.gov/div898/handbook/mpc/section5/mpc552.html]
[www.itl.nist.gov/div898/handbook/mpc/section5/mpc553.html]
[www.itl.nist.gov/div898/handbook/mpc/section5/mpc561.html]
[www.itl.nist.gov/div898/handbook/mpc/section5/mpc562.html]
[www.itl.nist.gov/div898/handbook/mpc/section5/mpc563.html]
[www.itl.nist.gov/div898/handbook/mpc/section5/mpc564a.gif]
[www.itl.nist.gov/div898/handbook/mpc/section5/mpc564.html]
[www.itl.nist.gov/div898/handbook/mpc/section5/mpc565.html]
[www.itl.nist.gov/div898/handbook/mpc/section5/mpc571.html]
[www.itl.nist.gov/div898/handbook/mpc/section5/mpc581.html]
[www.itl.nist.gov/div898/handbook/mpc/section6/mpc611.html]
[www.itl.nist.gov/div898/handbook/mpc/section6/mpc6111.html]
[www.itl.nist.gov/div898/handbook/mpc/section6/mpc612.html]
[www.itl.nist.gov/div898/handbook/mpc/section6/mpc612a.gif]
[www.itl.nist.gov/div898/handbook/mpc/section6/mpc612b.gif]
[www.itl.nist.gov/div898/handbook/mpc/section6/mpc613a.gif]
[www.itl.nist.gov/div898/handbook/mpc/section6/mpc613b.gif]
[www.itl.nist.gov/div898/handbook/mpc/section6/mpc613.html]
[www.itl.nist.gov/div898/handbook/mpc/section6/mpc614a.gif]
[www.itl.nist.gov/div898/handbook/mpc/section6/mpc614b.gif]
[www.itl.nist.gov/div898/handbook/mpc/section6/mpc614c.gif]
[www.itl.nist.gov/div898/handbook/mpc/section6/mpc614.html]
[www.itl.nist.gov/div898/handbook/mpc/section6/mpc614d.gif]
[www.itl.nist.gov/div898/handbook/mpc/section6/mpc615a.gif]
[www.itl.nist.gov/div898/handbook/mpc/section6/mpc615b.gif]
[www.itl.nist.gov/div898/handbook/mpc/section6/mpc615.html]
[www.itl.nist.gov/div898/handbook/mpc/section6/mpc617a.dp]
[www.itl.nist.gov/div898/handbook/mpc/section6/mpc617b.dp]
[www.itl.nist.gov/div898/handbook/mpc/section6/mpc617c.dp]
[www.itl.nist.gov/div898/handbook/mpc/section6/mpc617d.dp]
[www.itl.nist.gov/div898/handbook/mpc/section6/mpc617e.dp]
[www.itl.nist.gov/div898/handbook/mpc/section6/mpc617f.dp]
[www.itl.nist.gov/div898/handbook/mpc/section6/mpc617g.dp]
[www.itl.nist.gov/div898/handbook/mpc/section6/mpc617h.dp]
[www.itl.nist.gov/div898/handbook/mpc/section6/mpc617i.dp]
[www.itl.nist.gov/div898/handbook/mpc/section6/mpc616.html]
[www.itl.nist.gov/div898/handbook/mpc/section6/mpc617.html]
[www.itl.nist.gov/div898/handbook/mpc/section6/mpc621.html]
[www.itl.nist.gov/div898/handbook/mpc/section6/mpc617j.dp]
[www.itl.nist.gov/div898/handbook/mpc/section6/mpc6211.html]
[www.itl.nist.gov/div898/handbook/mpc/section6/mpc622.html]
[www.itl.nist.gov/div898/handbook/mpc/section6/mpc6221.html]
[www.itl.nist.gov/div898/handbook/mpc/section6/mpc623.gif]
[www.itl.nist.gov/div898/handbook/mpc/section6/mpc623.html]
[www.itl.nist.gov/div898/handbook/mpc/section6/mpc624.gif]
[www.itl.nist.gov/div898/handbook/mpc/section6/mpc624.html]
[www.itl.nist.gov/div898/handbook/mpc/section6/mpc625a.dp]
[www.itl.nist.gov/div898/handbook/mpc/section6/mpc625b.dp]
[www.itl.nist.gov/div898/handbook/mpc/section6/mpc625c.dp]
[www.itl.nist.gov/div898/handbook/mpc/section6/mpc625d.dp]
[www.itl.nist.gov/div898/handbook/mpc/section6/mpc625.html]
[www.itl.nist.gov/div898/handbook/mpc/section6/mpc626.html]
[www.itl.nist.gov/div898/handbook/mpc/section6/mpc631.html]
[www.itl.nist.gov/div898/handbook/mpc/section6/mpc6311.html]
[www.itl.nist.gov/div898/handbook/mpc/section6/mpc6312.html]
[www.itl.nist.gov/div898/handbook/mpc/section6/mpc632.html]
[www.itl.nist.gov/div898/handbook/mpc/section6/mpc6331a.gif]
[www.itl.nist.gov/div898/handbook/mpc/section6/mpc6321.html]
[www.itl.nist.gov/div898/handbook/mpc/section6/mpc6331b.gif]
[www.itl.nist.gov/div898/handbook/mpc/section6/mpc633a.dp]
[www.itl.nist.gov/div898/handbook/mpc/section6/mpc633b.dp]
[www.itl.nist.gov/div898/handbook/mpc/section6/mpc633c.dp]
[www.itl.nist.gov/div898/handbook/mpc/section6/mpc633d.dp]
[www.itl.nist.gov/div898/handbook/mpc/section6/mpc633e.dp]
[www.itl.nist.gov/div898/handbook/mpc/section6/mpc633f.dp]
[www.itl.nist.gov/div898/handbook/mpc/section6/mpc633h.dp]
[www.itl.nist.gov/div898/handbook/mpc/section6/mpc633i.dp]
[www.itl.nist.gov/div898/handbook/mpc/section6/mpc633j.dp]
[www.itl.nist.gov/div898/handbook/mpc/section6/mpc633k.dp]
[www.itl.nist.gov/div898/handbook/mpc/section6/mpc633l.dp]
[www.itl.nist.gov/div898/handbook/mpc/section6/mpc633.html]
[www.itl.nist.gov/div898/handbook/mpc/section6/mpc634.html]
[www.itl.nist.gov/div898/handbook/ppc/section1/ppc131.html]
[www.itl.nist.gov/div898/handbook/mpc/section6/mpc633m.dp]
[www.itl.nist.gov/div898/handbook/ppc/section1/gifs/img1321.gif]
[www.itl.nist.gov/div898/handbook/ppc/section1/ppc132.html]
[www.itl.nist.gov/div898/handbook/ppc/section1/gifs/img132e1.gif]
[www.itl.nist.gov/div898/handbook/ppc/section1/ppc1321.html]
[www.itl.nist.gov/div898/handbook/ppc/section1/gifs/img132e2.gif]
[www.itl.nist.gov/div898/handbook/ppc/section1/ppc133.html]
[www.itl.nist.gov/div898/handbook/ppc/section1/ppc134.html]
[www.itl.nist.gov/div898/handbook/ppc/section1/ppc135.html]
[www.itl.nist.gov/div898/handbook/ppc/section1/ppc136.html]
[www.itl.nist.gov/div898/handbook/ppc/section2/ppc23.html]
[www.itl.nist.gov/div898/handbook/ppc/section2/ppc231.html]
[www.itl.nist.gov/div898/handbook/ppc/section2/ppc2311.html]
[www.itl.nist.gov/div898/handbook/ppc/section2/ppc232.html]
[www.itl.nist.gov/div898/handbook/ppc/section2/ppc2321.html]
[www.itl.nist.gov/div898/handbook/ppc/section2/ppc233.html]
[www.itl.nist.gov/div898/handbook/ppc/section2/ppc2331.html]
[www.itl.nist.gov/div898/handbook/ppc/section2/ppc24.html]
[www.itl.nist.gov/div898/handbook/ppc/section3/ppc331.html]
[www.itl.nist.gov/div898/handbook/ppc/section3/ppc332.html]
[www.itl.nist.gov/div898/handbook/ppc/section3/ppc333.html]
[www.itl.nist.gov/div898/handbook/ppc/section3/ppc334.html]
[www.itl.nist.gov/div898/handbook/ppc/section3/ppc335.html]
[www.itl.nist.gov/div898/handbook/ppc/section4/gifs/scat.gif]
[www.itl.nist.gov/div898/handbook/ppc/section4/ppc421.html]
[www.itl.nist.gov/div898/handbook/ppc/section4/gifs/main1.gif]
[www.itl.nist.gov/div898/handbook/ppc/section4/gifs/main2.gif]
[www.itl.nist.gov/div898/handbook/ppc/section4/gifs/main3.gif]
[www.itl.nist.gov/div898/handbook/ppc/section4/gifs/main4.gif]
[www.itl.nist.gov/div898/handbook/ppc/section4/gifs/main5.gif]
[www.itl.nist.gov/div898/handbook/ppc/section4/gifs/main6.gif]
[www.itl.nist.gov/div898/handbook/ppc/section4/gifs/main7.gif]
[www.itl.nist.gov/div898/handbook/ppc/section4/ppc422.html]
[www.itl.nist.gov/div898/handbook/ppc/section4/gifs/main8.gif]
[www.itl.nist.gov/div898/handbook/ppc/section4/gifs/int1.gif]
[www.itl.nist.gov/div898/handbook/ppc/section4/ppc423.html]
[www.itl.nist.gov/div898/handbook/ppc/section4/ppc431.html]
[www.itl.nist.gov/div898/handbook/ppc/section4/gifs/int2.gif]
[www.itl.nist.gov/div898/handbook/ppc/section4/ppc432.html]
[www.itl.nist.gov/div898/handbook/ppc/section4/gifs/fig432.gif]
[www.itl.nist.gov/div898/handbook/ppc/section5/ppc511.dp]
[www.itl.nist.gov/div898/handbook/ppc/section5/Furnace/gifs/furnace1.gif]
[www.itl.nist.gov/div898/handbook/ppc/section5/Furnace/gifs/furnace2.gif]
[www.itl.nist.gov/div898/handbook/ppc/section5/ppc511.html]
[www.itl.nist.gov/div898/handbook/ppc/section5/Furnace/gifs/init_f.gif]
[www.itl.nist.gov/div898/handbook/ppc/section5/Furnace/gifs/init_r.gif]
[www.itl.nist.gov/div898/handbook/ppc/section5/Furnace/gifs/capabili.jpg]
[www.itl.nist.gov/div898/handbook/ppc/section5/ppc512.html]
[www.itl.nist.gov/div898/handbook/ppc/section5/Furnace/gifs/bprun_f.gif]
[www.itl.nist.gov/div898/handbook/ppc/section5/Furnace/gifs/bprun_r.gif]
[www.itl.nist.gov/div898/handbook/ppc/section5/Furnace/gifs/bpzone_f.gif]
[www.itl.nist.gov/div898/handbook/ppc/section5/Furnace/gifs/bpzone_r.gif]
[www.itl.nist.gov/div898/handbook/ppc/section5/Furnace/gifs/bpwafe_f.gif]
[www.itl.nist.gov/div898/handbook/ppc/section5/Furnace/gifs/bpwafe_r.gif]
[www.itl.nist.gov/div898/handbook/ppc/section5/Furnace/gifs/blockp_f.gif]
[www.itl.nist.gov/div898/handbook/ppc/section5/Furnace/gifs/blockp_r.gif]
[www.itl.nist.gov/div898/handbook/ppc/section5/ppc513.html]
[www.itl.nist.gov/div898/handbook/ppc/section5/ppc514.html]
[www.itl.nist.gov/div898/handbook/ppc/section5/ppc515.html]
[www.itl.nist.gov/div898/handbook/ppc/section5/Furnace/dpmacros/data.dp]
[www.itl.nist.gov/div898/handbook/ppc/section5/Furnace/dpmacros/init.dp]
[www.itl.nist.gov/div898/handbook/ppc/section5/Furnace/dpmacros/percent.dp]
[www.itl.nist.gov/div898/handbook/ppc/section5/Furnace/dpmacros/capabili.dp]
[www.itl.nist.gov/div898/handbook/ppc/section5/Furnace/dpmacros/bprun.dp]
[www.itl.nist.gov/div898/handbook/ppc/section5/Furnace/dpmacros/bpzone.dp]
[www.itl.nist.gov/div898/handbook/ppc/section5/Furnace/dpmacros/bpwafe.dp]
[www.itl.nist.gov/div898/handbook/ppc/section5/Furnace/dpmacros/blockp.dp]
[www.itl.nist.gov/div898/handbook/ppc/section5/Furnace/dpmacros/anova.dp]
[www.itl.nist.gov/div898/handbook/ppc/section5/ppc516.html]
[www.itl.nist.gov/div898/handbook/ppc/section5/ppc521.dp]
[www.itl.nist.gov/div898/handbook/ppc/section5/Machine/gifs/machine.gif]
[www.itl.nist.gov/div898/handbook/ppc/section5/ppc521.html]
[www.itl.nist.gov/div898/handbook/ppc/section5/Machine/gifs/bpmach_f.gif]
[www.itl.nist.gov/div898/handbook/ppc/section5/Machine/gifs/bpmach_r.gif]
[www.itl.nist.gov/div898/handbook/ppc/section5/Machine/gifs/bpday_f.gif]
[www.itl.nist.gov/div898/handbook/ppc/section5/Machine/gifs/bpday_r.gif]
[www.itl.nist.gov/div898/handbook/ppc/section5/Machine/gifs/bptime_f.gif]
[www.itl.nist.gov/div898/handbook/ppc/section5/Machine/gifs/bptime_r.gif]
[www.itl.nist.gov/div898/handbook/ppc/section5/Machine/gifs/bpsamp_f.gif]
[www.itl.nist.gov/div898/handbook/ppc/section5/ppc522.html]
[www.itl.nist.gov/div898/handbook/ppc/section5/Machine/gifs/bpsamp_r.gif]
[www.itl.nist.gov/div898/handbook/ppc/section5/Machine/gifs/modval_f.gif]
[www.itl.nist.gov/div898/handbook/ppc/section5/ppc523.html]
[www.itl.nist.gov/div898/handbook/ppc/section5/Machine/gifs/modval_r.gif]
[www.itl.nist.gov/div898/handbook/ppc/section5/Machine/gifs/thrput_f.gif]
[www.itl.nist.gov/div898/handbook/ppc/section5/ppc524.html]
[www.itl.nist.gov/div898/handbook/ppc/section5/ppc525.html]
[www.itl.nist.gov/div898/handbook/ppc/section5/Machine/gifs/thrput_r.gif]
[www.itl.nist.gov/div898/handbook/ppc/section5/Machine/dpmacros/data.dp]
[www.itl.nist.gov/div898/handbook/ppc/section5/Machine/dpmacros/bpmach.dp]
[www.itl.nist.gov/div898/handbook/ppc/section5/Machine/dpmacros/bpday.dp]
[www.itl.nist.gov/div898/handbook/ppc/section5/Machine/dpmacros/bptime.dp]
[www.itl.nist.gov/div898/handbook/ppc/section5/Machine/dpmacros/bpsamp.dp]
[www.itl.nist.gov/div898/handbook/ppc/section5/Machine/dpmacros/anova.dp]
[www.itl.nist.gov/div898/handbook/ppc/section5/Machine/dpmacros/anova1.dp]
[www.itl.nist.gov/div898/handbook/ppc/section5/Machine/dpmacros/modval.dp]
[www.itl.nist.gov/div898/handbook/ppc/section5/Machine/dpmacros/thrput.dp]
[www.itl.nist.gov/div898/handbook/ppc/section5/Machine/dpmacros/anovatp.dp]
[www.itl.nist.gov/div898/handbook/ppc/section5/ppc526.html]
[www.itl.nist.gov/div898/handbook/pmd/section1/plots/pred1.gif]
[www.itl.nist.gov/div898/handbook/pmd/section1/plots/pred1.r.gif]
[www.itl.nist.gov/div898/handbook/pmd/section1/plots/pred2.gif]
[www.itl.nist.gov/div898/handbook/pmd/section1/plots/pred2.r.gif]
[www.itl.nist.gov/div898/handbook/pmd/section1/plots/pred3.gif]
[www.itl.nist.gov/div898/handbook/pmd/section1/plots/pred3.r.gif]
[www.itl.nist.gov/div898/handbook/pmd/section1/pmd131.html]
[www.itl.nist.gov/div898/handbook/pmd/section1/plots/pred4_f.gif]
[www.itl.nist.gov/div898/handbook/pmd/section1/plots/pred4_r.gif]
[www.itl.nist.gov/div898/handbook/pmd/section1/pmd132.html]
[www.itl.nist.gov/div898/handbook/pmd/section1/plots/clb1.gif]
[www.itl.nist.gov/div898/handbook/pmd/section1/plots/clb1.r.gif]
[www.itl.nist.gov/div898/handbook/pmd/section1/plots/clb2.gif]
[www.itl.nist.gov/div898/handbook/pmd/section1/plots/clb2.r.gif]
[www.itl.nist.gov/div898/handbook/pmd/section1/plots/clb3.gif]
[www.itl.nist.gov/div898/handbook/pmd/section1/plots/clb3.r.gif]
[www.itl.nist.gov/div898/handbook/pmd/section1/pmd133.html]
[www.itl.nist.gov/div898/handbook/pmd/section1/plots/opt1_f.gif]
[www.itl.nist.gov/div898/handbook/pmd/section1/plots/opt1_r.gif]
[www.itl.nist.gov/div898/handbook/pmd/section1/plots/opt2_f.gif]
[www.itl.nist.gov/div898/handbook/pmd/section1/plots/opt2_r.gif]
[www.itl.nist.gov/div898/handbook/pmd/section1/plots/opt3_f.gif]
[www.itl.nist.gov/div898/handbook/pmd/section1/pmd134.html]
[www.itl.nist.gov/div898/handbook/pmd/section1/pmd141.html]
[www.itl.nist.gov/div898/handbook/pmd/section1/pmd142.html]
[www.itl.nist.gov/div898/handbook/pmd/section1/plots/opt3_r.gif]
[www.itl.nist.gov/div898/handbook/pmd/section1/plots/lnspcg.gif]
[www.itl.nist.gov/div898/handbook/pmd/section1/plots/lnspcg.r.gif]
[www.itl.nist.gov/div898/handbook/pmd/section1/pmd143.html]
[www.itl.nist.gov/div898/handbook/pmd/section1/pmd144.html]
[www.itl.nist.gov/div898/handbook/pmd/section2/pmd211.html]
[www.itl.nist.gov/div898/handbook/pmd/section2/eqns/xv.gif]
[www.itl.nist.gov/div898/handbook/pmd/section2/pmd212.html]
[www.itl.nist.gov/div898/handbook/pmd/section2/pmd213.html]
[www.itl.nist.gov/div898/handbook/pmd/section2/pmd214.html]
[www.itl.nist.gov/div898/handbook/pmd/section2/pmd215.html]
[www.itl.nist.gov/div898/handbook/pmd/section2/pmd216.html]
[www.itl.nist.gov/div898/handbook/pmd/section4/pmd421.html]
[www.itl.nist.gov/div898/handbook/pmd/section4/plots/mspt1_f.gif]
[www.itl.nist.gov/div898/handbook/pmd/section4/plots/mspt1_r.gif]
[www.itl.nist.gov/div898/handbook/pmd/section4/plots/mstc1_f.gif]
[www.itl.nist.gov/div898/handbook/pmd/section4/plots/mstc1_r.gif]
[www.itl.nist.gov/div898/handbook/pmd/section4/plots/mspr1_f.gif]
[www.itl.nist.gov/div898/handbook/pmd/section4/plots/mspr1_r.gif]
[www.itl.nist.gov/div898/handbook/pmd/section4/plots/mspr2_f.gif]
[www.itl.nist.gov/div898/handbook/pmd/section4/plots/mspr2_r.gif]
[www.itl.nist.gov/div898/handbook/pmd/section4/plots/mspr3_f.gif]
[www.itl.nist.gov/div898/handbook/pmd/section4/plots/mspr3_r.gif]
[www.itl.nist.gov/div898/handbook/pmd/section4/plots/mspr4_f.gif]
[www.itl.nist.gov/div898/handbook/pmd/section4/plots/mspr4_r.gif]
[www.itl.nist.gov/div898/handbook/pmd/section4/pmd422.html]
[www.itl.nist.gov/div898/handbook/pmd/section4/plots/mslc1_f.gif]
[www.itl.nist.gov/div898/handbook/pmd/section4/pmd423.html]
[www.itl.nist.gov/div898/handbook/pmd/section4/plots/mslc1_r.gif]
[www.itl.nist.gov/div898/handbook/pmd/section4/plots/mfpt1_f.gif]
[www.itl.nist.gov/div898/handbook/pmd/section4/pmd431.html]
[www.itl.nist.gov/div898/handbook/pmd/section4/pmd432.html]
[www.itl.nist.gov/div898/handbook/pmd/section4/plots/mfpt1_r.gif]
[www.itl.nist.gov/div898/handbook/pmd/section4/plots/mvpt1_f.gif]
[www.itl.nist.gov/div898/handbook/pmd/section4/plots/mvpt1_r.gif]
[www.itl.nist.gov/div898/handbook/pmd/section4/plots/mvpt2_f.gif]
[www.itl.nist.gov/div898/handbook/pmd/section4/plots/mvpt2_r.gif]
[www.itl.nist.gov/div898/handbook/pmd/section4/plots/mvpt3_f.gif]
[www.itl.nist.gov/div898/handbook/pmd/section4/plots/mvpt3_r.gif]
[www.itl.nist.gov/div898/handbook/pmd/section4/plots/mvtc1_f.gif]
[www.itl.nist.gov/div898/handbook/pmd/section4/plots/mvtc1_r.gif]
[www.itl.nist.gov/div898/handbook/pmd/section4/plots/mvtc2_f.gif]
[www.itl.nist.gov/div898/handbook/pmd/section4/pmd441.html]
[www.itl.nist.gov/div898/handbook/pmd/section4/plots/mvtc2_r.gif]
[www.itl.nist.gov/div898/handbook/pmd/section4/plots/mvpt4_f.gif]
[www.itl.nist.gov/div898/handbook/pmd/section4/plots/mvpt4_r.gif]
[www.itl.nist.gov/div898/handbook/pmd/section4/plots/mvpt5_f.gif]
[www.itl.nist.gov/div898/handbook/pmd/section4/plots/mvpt5_r.gif]
[www.itl.nist.gov/div898/handbook/pmd/section4/plots/mvpt6_f.gif]
[www.itl.nist.gov/div898/handbook/pmd/section4/plots/mvpt6_r.gif]
[www.itl.nist.gov/div898/handbook/pmd/section4/plots/mvpr1_f.gif]
[www.itl.nist.gov/div898/handbook/pmd/section4/plots/mvpr1_r.gif]
[www.itl.nist.gov/div898/handbook/pmd/section4/plots/mvpr2_f.gif]
[www.itl.nist.gov/div898/handbook/pmd/section4/plots/mvpr2_r.gif]
[www.itl.nist.gov/div898/handbook/pmd/section4/pmd442.html]
[www.itl.nist.gov/div898/handbook/pmd/section4/plots/mvpt7_f.gif]
[www.itl.nist.gov/div898/handbook/pmd/section4/plots/mvpt7_r.gif]
[www.itl.nist.gov/div898/handbook/pmd/section4/plots/mvpt8_f.gif]
[www.itl.nist.gov/div898/handbook/pmd/section4/plots/mvpt8_r.gif]
[www.itl.nist.gov/div898/handbook/pmd/section4/plots/mvpr3_f.gif]
[www.itl.nist.gov/div898/handbook/pmd/section4/plots/mvpr3_r.gif]
[www.itl.nist.gov/div898/handbook/pmd/section4/pmd443.html]
[www.itl.nist.gov/div898/handbook/pmd/section4/plots/mvpt10_f.gif]
[www.itl.nist.gov/div898/handbook/pmd/section4/plots/mvpt10_r.gif]
[www.itl.nist.gov/div898/handbook/pmd/section4/plots/mvtc3_f.gif]
[www.itl.nist.gov/div898/handbook/pmd/section4/plots/mvtc3_r.gif]
[www.itl.nist.gov/div898/handbook/pmd/section4/plots/mvpr4_f.gif]
[www.itl.nist.gov/div898/handbook/pmd/section4/plots/mvpr4_r.gif]
[www.itl.nist.gov/div898/handbook/pmd/section4/pmd444.html]
[www.itl.nist.gov/div898/handbook/pmd/section4/plots/mvpt11_f.gif]
[www.itl.nist.gov/div898/handbook/pmd/section4/plots/mvpt11_r.gif]
[www.itl.nist.gov/div898/handbook/pmd/section4/plots/mvtc4_f.gif]
[www.itl.nist.gov/div898/handbook/pmd/section4/plots/mvtc4_r.gif]
[www.itl.nist.gov/div898/handbook/pmd/section4/plots/mvpr5_f.gif]
[www.itl.nist.gov/div898/handbook/pmd/section4/plots/mvpr5_r.gif]
[www.itl.nist.gov/div898/handbook/pmd/section4/plots/mvpt12_f.gif]
[www.itl.nist.gov/div898/handbook/pmd/section4/plots/mvpt12_r.gif]
[www.itl.nist.gov/div898/handbook/pmd/section4/plots/mvtc5_f.gif]
[www.itl.nist.gov/div898/handbook/pmd/section4/plots/mvtc5_r.gif]
[www.itl.nist.gov/div898/handbook/pmd/section4/plots/mvpr6_f.gif]
[www.itl.nist.gov/div898/handbook/pmd/section4/plots/mvpr6_r.gif]
[www.itl.nist.gov/div898/handbook/pmd/section4/pmd445.html]
[www.itl.nist.gov/div898/handbook/pmd/section4/pmd446.html]
[www.itl.nist.gov/div898/handbook/pmd/section4/pmd447.html]
[www.itl.nist.gov/div898/handbook/pmd/section4/eqns/ybarieq.gif]
[www.itl.nist.gov/div898/handbook/pmd/section4/plots/mitc1_f.gif]
[www.itl.nist.gov/div898/handbook/pmd/section4/plots/mitc1_r.gif]
[www.itl.nist.gov/div898/handbook/pmd/section4/pmd451.html]
[www.itl.nist.gov/div898/handbook/pmd/section4/plots/mipt01_f.gif]
[www.itl.nist.gov/div898/handbook/pmd/section4/plots/mipt01_r.gif]
[www.itl.nist.gov/div898/handbook/pmd/section4/plots/mipt02_f.gif]
[www.itl.nist.gov/div898/handbook/pmd/section4/plots/mipt02_r.gif]
[www.itl.nist.gov/div898/handbook/pmd/section4/plots/mipt03_f.gif]
[www.itl.nist.gov/div898/handbook/pmd/section4/plots/mipt03_r.gif]
[www.itl.nist.gov/div898/handbook/pmd/section4/plots/mipt06_f.gif]
[www.itl.nist.gov/div898/handbook/pmd/section4/plots/mipt06_r.gif]
[www.itl.nist.gov/div898/handbook/pmd/section4/plots/mipt07_f.gif]
[www.itl.nist.gov/div898/handbook/pmd/section4/plots/mipt07_r.gif]
[www.itl.nist.gov/div898/handbook/pmd/section4/plots/mipt08_f.gif]
[www.itl.nist.gov/div898/handbook/pmd/section4/plots/mipt08_r.gif]
[www.itl.nist.gov/div898/handbook/pmd/section4/plots/mipt12_f.gif]
[www.itl.nist.gov/div898/handbook/pmd/section4/plots/mipt12_r.gif]
[www.itl.nist.gov/div898/handbook/pmd/section4/plots/mipt14_f.gif]
[www.itl.nist.gov/div898/handbook/pmd/section4/pmd452.html]
[www.itl.nist.gov/div898/handbook/pmd/section4/plots/mipt14_r.gif]
[www.itl.nist.gov/div898/handbook/pmd/section4/plots/mipt15_f.gif]
[www.itl.nist.gov/div898/handbook/pmd/section4/plots/mipt15_r.gif]
[www.itl.nist.gov/div898/handbook/pmd/section4/plots/mipt16_f.gif]
[www.itl.nist.gov/div898/handbook/pmd/section4/plots/mipt16_r.gif]
[www.itl.nist.gov/div898/handbook/pmd/section4/plots/mipt17_f.gif]
[www.itl.nist.gov/div898/handbook/pmd/section4/plots/mipt17_r.gif]
[www.itl.nist.gov/div898/handbook/pmd/section4/plots/mipt18_f.gif]
[www.itl.nist.gov/div898/handbook/pmd/section4/plots/mipt18_r.gif]
[www.itl.nist.gov/div898/handbook/pmd/section4/plots/mipt19_f.gif]
[www.itl.nist.gov/div898/handbook/pmd/section4/plots/mipt19_r.gif]
[www.itl.nist.gov/div898/handbook/pmd/section4/plots/mipt20_f.gif]
[www.itl.nist.gov/div898/handbook/pmd/section4/plots/mipt20_r.gif]
[www.itl.nist.gov/div898/handbook/pmd/section4/plots/mipt21_f.gif]
[www.itl.nist.gov/div898/handbook/pmd/section4/pmd453.html]
[www.itl.nist.gov/div898/handbook/pmd/section4/plots/mipt21_r.gif]
[www.itl.nist.gov/div898/handbook/pmd/section5/plots/mupt1_f.gif]
[www.itl.nist.gov/div898/handbook/pmd/section5/plots/mupt1_r.gif]
[www.itl.nist.gov/div898/handbook/pmd/section5/pmd511.html]
[www.itl.nist.gov/div898/handbook/pmd/section5/plots/mupt3_f.gif]
[www.itl.nist.gov/div898/handbook/pmd/section5/pmd512.html]
[www.itl.nist.gov/div898/handbook/pmd/section5/plots/mupt3_r.gif]
[www.itl.nist.gov/div898/handbook/pmd/section6/pmd611.dp]
[www.itl.nist.gov/div898/handbook/pmd/section5/plots/mutc1_f.gif]
[www.itl.nist.gov/div898/handbook/pmd/section5/pmd521.html]
[www.itl.nist.gov/div898/handbook/pmd/section5/plots/mutc1_r.gif]
[www.itl.nist.gov/div898/handbook/pmd/section6/pmd611.html]
[www.itl.nist.gov/div898/handbook/pmd/section6/ldcll/plots/initmd.gif]
[www.itl.nist.gov/div898/handbook/pmd/section6/pmd612.html]
[www.itl.nist.gov/div898/handbook/pmd/section6/ldcll/plots/initmd.r.gif]
[www.itl.nist.gov/div898/handbook/pmd/section6/pmd613.html]
[www.itl.nist.gov/div898/handbook/pmd/section6/ldcll/plots/gra1a.gif]
[www.itl.nist.gov/div898/handbook/pmd/section6/ldcll/plots/gra1a.r.gif]
[www.itl.nist.gov/div898/handbook/pmd/section6/ldcll/plots/gra1b.gif]
[www.itl.nist.gov/div898/handbook/pmd/section6/ldcll/plots/gra1b.r.gif]
[www.itl.nist.gov/div898/handbook/pmd/section6/ldcll/plots/gra1c_f.gif]
[www.itl.nist.gov/div898/handbook/pmd/section6/ldcll/plots/gra1c_r.gif]
[www.itl.nist.gov/div898/handbook/pmd/section6/ldcll/plots/gra1d.gif]
[www.itl.nist.gov/div898/handbook/pmd/section6/pmd614.html]
[www.itl.nist.gov/div898/handbook/pmd/section6/pmd615.html]
[www.itl.nist.gov/div898/handbook/pmd/section6/pmd616.html]
[www.itl.nist.gov/div898/handbook/pmd/section6/pmd617.html]
[www.itl.nist.gov/div898/handbook/pmd/section6/ldcll/plots/gra1d.r.gif]
[www.itl.nist.gov/div898/handbook/pmd/section6/ldcll/plots/gra2a.gif]
[www.itl.nist.gov/div898/handbook/pmd/section6/ldcll/plots/gra2a.r.gif]
[www.itl.nist.gov/div898/handbook/pmd/section6/ldcll/plots/gra2b.gif]
[www.itl.nist.gov/div898/handbook/pmd/section6/ldcll/plots/gra2b.r.gif]
[www.itl.nist.gov/div898/handbook/pmd/section6/ldcll/plots/gra2c.gif]
[www.itl.nist.gov/div898/handbook/pmd/section6/ldcll/plots/gra2c.r.gif]
[www.itl.nist.gov/div898/handbook/pmd/section6/ldcll/plots/gra2d.gif]
[www.itl.nist.gov/div898/handbook/pmd/section6/pmd618.html]
[www.itl.nist.gov/div898/handbook/pmd/section6/pmd619.html]
[www.itl.nist.gov/div898/handbook/pmd/section6/ldcll/plots/gra2d.r.gif]
[www.itl.nist.gov/div898/handbook/pmd/section6/ldcll/plots/clbints1.gif]
[www.itl.nist.gov/div898/handbook/pmd/section6/pmd61a.html]
[www.itl.nist.gov/div898/handbook/pmd/section6/ldcll/plots/clbints1.r.gif]
[www.itl.nist.gov/div898/handbook/pmd/section6/ldcll/dpmacros/data.dp]
[www.itl.nist.gov/div898/handbook/pmd/section6/ldcll/dpmacros/initmd.dp]
[www.itl.nist.gov/div898/handbook/pmd/section6/ldcll/dpmacros/mfit1.dp]
[www.itl.nist.gov/div898/handbook/pmd/section6/ldcll/dpmacros/gra1a.dp]
[www.itl.nist.gov/div898/handbook/pmd/section6/ldcll/dpmacros/gra1b.dp]
[www.itl.nist.gov/div898/handbook/pmd/section6/ldcll/dpmacros/gra1c.dp]
[www.itl.nist.gov/div898/handbook/pmd/section6/ldcll/dpmacros/gra1d.dp]
[www.itl.nist.gov/div898/handbook/pmd/section6/ldcll/dpmacros/nmv1.dp]
[www.itl.nist.gov/div898/handbook/pmd/section6/ldcll/dpmacros/mrfn1.dp]
[www.itl.nist.gov/div898/handbook/pmd/section6/ldcll/dpmacros/mfit2.dp]
[www.itl.nist.gov/div898/handbook/pmd/section6/ldcll/dpmacros/gra2a.dp]
[www.itl.nist.gov/div898/handbook/pmd/section6/ldcll/dpmacros/gra2b.dp]
[www.itl.nist.gov/div898/handbook/pmd/section6/ldcll/dpmacros/gra2c.dp]
[www.itl.nist.gov/div898/handbook/pmd/section6/ldcll/dpmacros/gra2d.dp]
[www.itl.nist.gov/div898/handbook/pmd/section6/ldcll/dpmacros/nmv2.dp]
[www.itl.nist.gov/div898/handbook/pmd/section6/ldcll/dpmacros/clbints1.dp]
[www.itl.nist.gov/div898/handbook/pmd/section6/ldcll/dpmacros/clbints2.dp]
[www.itl.nist.gov/div898/handbook/pmd/section6/pmd61b.html]
[www.itl.nist.gov/div898/handbook/pmd/section6/ldcll/dpmacros/clbints3.dp]
[www.itl.nist.gov/div898/handbook/pmd/section6/pmd621.dp]
[www.itl.nist.gov/div898/handbook/pmd/section6/pmd621.html]
[www.itl.nist.gov/div898/handbook/pmd/section6/pipeline/plots/plot1_f.gif]
[www.itl.nist.gov/div898/handbook/pmd/section6/pipeline/plots/plot1_r.gif]
[www.itl.nist.gov/div898/handbook/pmd/section6/pipeline/plots/batch1_f.gif]
[www.itl.nist.gov/div898/handbook/pmd/section6/pipeline/plots/batch1_r.gif]
[www.itl.nist.gov/div898/handbook/pmd/section6/pipeline/plots/batch2_f.gif]
[www.itl.nist.gov/div898/handbook/pmd/section6/pmd622.html]
[www.itl.nist.gov/div898/handbook/pmd/section6/pipeline/plots/batch2_r.gif]
[www.itl.nist.gov/div898/handbook/pmd/section6/pipeline/plots/6plot1_f.gif]
[www.itl.nist.gov/div898/handbook/pmd/section6/pipeline/plots/6plot1_r.gif]
[www.itl.nist.gov/div898/handbook/pmd/section6/pipeline/plots/fit1_f.gif]
[www.itl.nist.gov/div898/handbook/pmd/section6/pipeline/plots/fit1_r.gif]
[www.itl.nist.gov/div898/handbook/pmd/section6/pipeline/plots/res1_f.gif]
[www.itl.nist.gov/div898/handbook/pmd/section6/pipeline/plots/res1_r.gif]
[www.itl.nist.gov/div898/handbook/pmd/section6/pmd623.html]
[www.itl.nist.gov/div898/handbook/pmd/section6/pipeline/plots/transf1_f.gif]
[www.itl.nist.gov/div898/handbook/pmd/section6/pipeline/plots/transf1_r.gif]
[www.itl.nist.gov/div898/handbook/pmd/section6/pipeline/plots/transf2_f.gif]
[www.itl.nist.gov/div898/handbook/pmd/section6/pipeline/plots/transf2_r.gif]
[www.itl.nist.gov/div898/handbook/pmd/section6/pipeline/plots/transf3_f.gif]
[www.itl.nist.gov/div898/handbook/pmd/section6/pipeline/plots/transf3_r.gif]
[www.itl.nist.gov/div898/handbook/pmd/section6/pipeline/plots/fit2_f.gif]
[www.itl.nist.gov/div898/handbook/pmd/section6/pipeline/plots/fit2_r.gif]
[www.itl.nist.gov/div898/handbook/pmd/section6/pipeline/plots/6plot2_f.gif]
[www.itl.nist.gov/div898/handbook/pmd/section6/pipeline/plots/6plot2_r.gif]
[www.itl.nist.gov/div898/handbook/pmd/section6/pipeline/plots/res2_f.gif]
[www.itl.nist.gov/div898/handbook/pmd/section6/pipeline/plots/res2_r.gif]
[www.itl.nist.gov/div898/handbook/pmd/section6/pmd624.html]
[www.itl.nist.gov/div898/handbook/pmd/section6/pipeline/plots/wtfunc_f.gif]
[www.itl.nist.gov/div898/handbook/pmd/section6/pipeline/plots/wtfunc_r.gif]
[www.itl.nist.gov/div898/handbook/pmd/section6/pipeline/plots/wtres_f.gif]
[www.itl.nist.gov/div898/handbook/pmd/section6/pipeline/plots/wtres_r.gif]
[www.itl.nist.gov/div898/handbook/pmd/section6/pipeline/plots/fit3_f.gif]
[www.itl.nist.gov/div898/handbook/pmd/section6/pipeline/plots/fit3_r.gif]
[www.itl.nist.gov/div898/handbook/pmd/section6/pipeline/plots/6plot3_f.gif]
[www.itl.nist.gov/div898/handbook/pmd/section6/pipeline/plots/6plot3_r.gif]
[www.itl.nist.gov/div898/handbook/pmd/section6/pipeline/plots/res3_f.gif]
[www.itl.nist.gov/div898/handbook/pmd/section6/pmd625.html]
[www.itl.nist.gov/div898/handbook/pmd/section6/pipeline/plots/res3_r.gif]
[www.itl.nist.gov/div898/handbook/pmd/section6/pipeline/plots/comp_f.gif]
[www.itl.nist.gov/div898/handbook/pmd/section6/pipeline/plots/comp_r.gif]
[www.itl.nist.gov/div898/handbook/pmd/section6/pmd626.html]
[www.itl.nist.gov/div898/handbook/pmd/section6/pipeline/dpmacros/data.dp]
[www.itl.nist.gov/div898/handbook/pmd/section6/pipeline/dpmacros/plot1.dp]
[www.itl.nist.gov/div898/handbook/pmd/section6/pipeline/dpmacros/batch1.dp]
[www.itl.nist.gov/div898/handbook/pmd/section6/pipeline/dpmacros/batch2.dp]
[www.itl.nist.gov/div898/handbook/pmd/section6/pipeline/dpmacros/fit1.dp]
[www.itl.nist.gov/div898/handbook/pmd/section6/pipeline/dpmacros/6plot1.dp]
[www.itl.nist.gov/div898/handbook/pmd/section6/pipeline/dpmacros/res1.dp]
[www.itl.nist.gov/div898/handbook/pmd/section6/pipeline/dpmacros/transf1.dp]
[www.itl.nist.gov/div898/handbook/pmd/section6/pipeline/dpmacros/transf2.dp]
[www.itl.nist.gov/div898/handbook/pmd/section6/pipeline/dpmacros/transf3.dp]
[www.itl.nist.gov/div898/handbook/pmd/section6/pipeline/dpmacros/fit2.dp]
[www.itl.nist.gov/div898/handbook/pmd/section6/pipeline/dpmacros/6plot2.dp]
[www.itl.nist.gov/div898/handbook/pmd/section6/pipeline/dpmacros/res2.dp]
[www.itl.nist.gov/div898/handbook/pmd/section6/pipeline/dpmacros/wtfunc.dp]
[www.itl.nist.gov/div898/handbook/pmd/section6/pipeline/dpmacros/wtres.dp]
[www.itl.nist.gov/div898/handbook/pmd/section6/pipeline/dpmacros/fit3.dp]
[www.itl.nist.gov/div898/handbook/pmd/section6/pipeline/dpmacros/6plot3.dp]
[www.itl.nist.gov/div898/handbook/pmd/section6/pipeline/dpmacros/res3.dp]
[www.itl.nist.gov/div898/handbook/pmd/section6/pipeline/dpmacros/comp.dp]
[www.itl.nist.gov/div898/handbook/pmd/section6/pmd627.html]
[www.itl.nist.gov/div898/handbook/pmd/section6/pmd631.dp]
[www.itl.nist.gov/div898/handbook/pmd/section6/pmd631.html]
[www.itl.nist.gov/div898/handbook/pmd/section6/ultrason/plots/plot1_f.gif]
[www.itl.nist.gov/div898/handbook/pmd/section6/ultrason/plots/plot1_r.gif]
[www.itl.nist.gov/div898/handbook/pmd/section6/ultrason/plots/fit1_f.gif]
[www.itl.nist.gov/div898/handbook/pmd/section6/ultrason/plots/fit1_r.gif]
[www.itl.nist.gov/div898/handbook/pmd/section6/ultrason/plots/6plot1_f.gif]
[www.itl.nist.gov/div898/handbook/pmd/section6/ultrason/plots/6plot1_r.gif]
[www.itl.nist.gov/div898/handbook/pmd/section6/ultrason/plots/res1_f.gif]
[www.itl.nist.gov/div898/handbook/pmd/section6/pmd632.html]
[www.itl.nist.gov/div898/handbook/pmd/section6/ultrason/plots/res1_r.gif]
[www.itl.nist.gov/div898/handbook/pmd/section6/ultrason/plots/transf1_f.gif]
[www.itl.nist.gov/div898/handbook/pmd/section6/ultrason/plots/transf1_r.gif]
[www.itl.nist.gov/div898/handbook/pmd/section6/ultrason/plots/transf2_f.gif]
[www.itl.nist.gov/div898/handbook/pmd/section6/ultrason/plots/transf2_r.gif]
[www.itl.nist.gov/div898/handbook/pmd/section6/ultrason/plots/fit2_f.gif]
[www.itl.nist.gov/div898/handbook/pmd/section6/ultrason/plots/fit2_r.gif]
[www.itl.nist.gov/div898/handbook/pmd/section6/ultrason/plots/6plot2_f.gif]
[www.itl.nist.gov/div898/handbook/pmd/section6/ultrason/plots/6plot2_r.gif]
[www.itl.nist.gov/div898/handbook/pmd/section6/ultrason/plots/res2_f.gif]
[www.itl.nist.gov/div898/handbook/pmd/section6/pmd633.html]
[www.itl.nist.gov/div898/handbook/pmd/section6/ultrason/plots/res2_r.gif]
[www.itl.nist.gov/div898/handbook/pmd/section6/ultrason/plots/wtfunc_f.gif]
[www.itl.nist.gov/div898/handbook/pmd/section6/ultrason/plots/wtfunc_r.gif]
[www.itl.nist.gov/div898/handbook/pmd/section6/ultrason/plots/wtres_f.gif]
[www.itl.nist.gov/div898/handbook/pmd/section6/ultrason/plots/wtres_r.gif]
[www.itl.nist.gov/div898/handbook/pmd/section6/ultrason/plots/fit3_f.gif]
[www.itl.nist.gov/div898/handbook/pmd/section6/ultrason/plots/fit3_r.gif]
[www.itl.nist.gov/div898/handbook/pmd/section6/ultrason/plots/6plot3_f.gif]
[www.itl.nist.gov/div898/handbook/pmd/section6/ultrason/plots/6plot3_r.gif]
[www.itl.nist.gov/div898/handbook/pmd/section6/ultrason/plots/res3_f.gif]
[www.itl.nist.gov/div898/handbook/pmd/section6/ultrason/plots/res3_r.gif]
[www.itl.nist.gov/div898/handbook/pmd/section6/pmd634.html]
[www.itl.nist.gov/div898/handbook/pmd/section6/ultrason/plots/comp_f.gif]
[www.itl.nist.gov/div898/handbook/pmd/section6/ultrason/plots/comp_r.gif]
[www.itl.nist.gov/div898/handbook/pmd/section6/pmd635.html]
[www.itl.nist.gov/div898/handbook/pmd/section6/ultrason/dpmacros/data.dp]
[www.itl.nist.gov/div898/handbook/pmd/section6/ultrason/dpmacros/plot1.dp]
[www.itl.nist.gov/div898/handbook/pmd/section6/ultrason/dpmacros/prefit.dp]
[www.itl.nist.gov/div898/handbook/pmd/section6/ultrason/dpmacros/fit1.dp]
[www.itl.nist.gov/div898/handbook/pmd/section6/ultrason/dpmacros/6plot1.dp]
[www.itl.nist.gov/div898/handbook/pmd/section6/ultrason/dpmacros/res1.dp]
[www.itl.nist.gov/div898/handbook/pmd/section6/ultrason/dpmacros/transf1.dp]
[www.itl.nist.gov/div898/handbook/pmd/section6/ultrason/dpmacros/transf2.dp]
[www.itl.nist.gov/div898/handbook/pmd/section6/ultrason/dpmacros/fit2.dp]
[www.itl.nist.gov/div898/handbook/pmd/section6/ultrason/dpmacros/6plot2.dp]
[www.itl.nist.gov/div898/handbook/pmd/section6/ultrason/dpmacros/res2.dp]
[www.itl.nist.gov/div898/handbook/pmd/section6/ultrason/dpmacros/wtfunc.dp]
[www.itl.nist.gov/div898/handbook/pmd/section6/ultrason/dpmacros/wtres.dp]
[www.itl.nist.gov/div898/handbook/pmd/section6/ultrason/dpmacros/fit3.dp]
[www.itl.nist.gov/div898/handbook/pmd/section6/ultrason/dpmacros/6plot3.dp]
[www.itl.nist.gov/div898/handbook/pmd/section6/ultrason/dpmacros/res3.dp]
[www.itl.nist.gov/div898/handbook/pmd/section6/ultrason/dpmacros/comp.dp]
[www.itl.nist.gov/div898/handbook/pmd/section6/pmd636.html]
[www.itl.nist.gov/div898/handbook/pmd/section6/pmd641.dp]
[www.itl.nist.gov/div898/handbook/pmd/section6/pmd641.html]
[www.itl.nist.gov/div898/handbook/pmd/section6/pmd642.html]
[www.itl.nist.gov/div898/handbook/pmd/section6/copper/plots/plot1_f.gif]
[www.itl.nist.gov/div898/handbook/pmd/section6/pmd643.html]
[www.itl.nist.gov/div898/handbook/pmd/section6/copper/plots/plot1_r.gif]
[www.itl.nist.gov/div898/handbook/pmd/section6/copper/plots/qqfit_f.gif]
[www.itl.nist.gov/div898/handbook/pmd/section6/copper/plots/qqfit_r.gif]
[www.itl.nist.gov/div898/handbook/pmd/section6/copper/plots/qq6plo_f.gif]
[www.itl.nist.gov/div898/handbook/pmd/section6/copper/plots/qq6plo_r.gif]
[www.itl.nist.gov/div898/handbook/pmd/section6/copper/plots/qqres1_f.gif]
[www.itl.nist.gov/div898/handbook/pmd/section6/copper/plots/qqres1_r.gif]
[www.itl.nist.gov/div898/handbook/pmd/section6/pmd644.html]
[www.itl.nist.gov/div898/handbook/pmd/section6/copper/plots/ccfit_f.gif]
[www.itl.nist.gov/div898/handbook/pmd/section6/copper/plots/ccfit_r.gif]
[www.itl.nist.gov/div898/handbook/pmd/section6/copper/plots/cc6plo_f.gif]
[www.itl.nist.gov/div898/handbook/pmd/section6/copper/plots/cc6plo_r.gif]
[www.itl.nist.gov/div898/handbook/pmd/section6/copper/plots/ccres1_f.gif]
[www.itl.nist.gov/div898/handbook/pmd/section6/copper/plots/ccres1_r.gif]
[www.itl.nist.gov/div898/handbook/pmd/section6/pmd645.html]
[www.itl.nist.gov/div898/handbook/pmd/section6/copper/dpmacros/data.dp]
[www.itl.nist.gov/div898/handbook/pmd/section6/copper/dpmacros/plot1.dp]
[www.itl.nist.gov/div898/handbook/pmd/section6/copper/dpmacros/qqfit.dp]
[www.itl.nist.gov/div898/handbook/pmd/section6/copper/dpmacros/qq6plo.dp]
[www.itl.nist.gov/div898/handbook/pmd/section6/copper/dpmacros/qqres1.dp]
[www.itl.nist.gov/div898/handbook/pmd/section6/copper/dpmacros/ccfit.dp]
[www.itl.nist.gov/div898/handbook/pmd/section6/copper/dpmacros/cc6plo.dp]
[www.itl.nist.gov/div898/handbook/pmd/section6/pmd646.html]
[www.itl.nist.gov/div898/handbook/pmd/section6/copper/dpmacros/ccres1.dp]
[www.itl.nist.gov/div898/handbook/pmd/section8/pmd81.html]
[www.itl.nist.gov/div898/handbook/pmd/section8/pmd811.html]
[www.itl.nist.gov/div898/handbook/pmd/section8/plots/slp1.gif]
[www.itl.nist.gov/div898/handbook/pmd/section8/plots/slp1.r.gif]
[www.itl.nist.gov/div898/handbook/pmd/section8/pmd8111.html]
[www.itl.nist.gov/div898/handbook/pmd/section8/plots/qdp1.gif]
[www.itl.nist.gov/div898/handbook/pmd/section8/plots/qdp1.r.gif]
[www.itl.nist.gov/div898/handbook/pmd/section8/plots/qdp2.gif]
[www.itl.nist.gov/div898/handbook/pmd/section8/plots/qdp2.r.gif]
[www.itl.nist.gov/div898/handbook/pmd/section8/plots/qdp3.gif]
[www.itl.nist.gov/div898/handbook/pmd/section8/plots/qdp3.r.gif]
[www.itl.nist.gov/div898/handbook/pmd/section8/plots/qdp4.gif]
[www.itl.nist.gov/div898/handbook/pmd/section8/plots/qdp4.r.gif]
[www.itl.nist.gov/div898/handbook/pmd/section8/plots/qdp5.gif]
[www.itl.nist.gov/div898/handbook/pmd/section8/plots/qdp5.r.gif]
[www.itl.nist.gov/div898/handbook/pmd/section8/pmd8112.html]
[www.itl.nist.gov/div898/handbook/pmd/section8/plots/cbp1.gif]
[www.itl.nist.gov/div898/handbook/pmd/section8/plots/cbp1.r.gif]
[www.itl.nist.gov/div898/handbook/pmd/section8/plots/cbp2.gif]
[www.itl.nist.gov/div898/handbook/pmd/section8/plots/cbp2.r.gif]
[www.itl.nist.gov/div898/handbook/pmd/section8/plots/cbp3.gif]
[www.itl.nist.gov/div898/handbook/pmd/section8/plots/cbp3.r.gif]
[www.itl.nist.gov/div898/handbook/pmd/section8/plots/cbp4.gif]
[www.itl.nist.gov/div898/handbook/pmd/section8/plots/cbp4.r.gif]
[www.itl.nist.gov/div898/handbook/pmd/section8/plots/cbp5.gif]
[www.itl.nist.gov/div898/handbook/pmd/section8/plots/cbp5.r.gif]
[www.itl.nist.gov/div898/handbook/pmd/section8/plots/cbp6.gif]
[www.itl.nist.gov/div898/handbook/pmd/section8/plots/cbp6.r.gif]
[www.itl.nist.gov/div898/handbook/pmd/section8/plots/cbp7.gif]
[www.itl.nist.gov/div898/handbook/pmd/section8/plots/cbp7.r.gif]
[www.itl.nist.gov/div898/handbook/pmd/section8/plots/cbp8.gif]
[www.itl.nist.gov/div898/handbook/pmd/section8/plots/cbp8.r.gif]
[www.itl.nist.gov/div898/handbook/pmd/section8/pmd8113.html]
[www.itl.nist.gov/div898/handbook/pmd/section8/pmd812.html]
[www.itl.nist.gov/div898/handbook/pmd/section8/plots/r01p1.gif]
[www.itl.nist.gov/div898/handbook/pmd/section8/plots/r01p1.r.gif]
[www.itl.nist.gov/div898/handbook/pmd/section8/plots/r01p2.gif]
[www.itl.nist.gov/div898/handbook/pmd/section8/plots/r01p2.r.gif]
[www.itl.nist.gov/div898/handbook/pmd/section8/plots/r01p3.gif]
[www.itl.nist.gov/div898/handbook/pmd/section8/plots/r01p3.r.gif]
[www.itl.nist.gov/div898/handbook/pmd/section8/plots/r01p4.gif]
[www.itl.nist.gov/div898/handbook/pmd/section8/plots/r01p4.r.gif]
[www.itl.nist.gov/div898/handbook/pmd/section8/plots/r01p5.gif]
[www.itl.nist.gov/div898/handbook/pmd/section8/plots/r01p5.r.gif]
[www.itl.nist.gov/div898/handbook/pmd/section8/pmd8121.html]
[www.itl.nist.gov/div898/handbook/pmd/section8/plots/r11p1.gif]
[www.itl.nist.gov/div898/handbook/pmd/section8/plots/r11p1.r.gif]
[www.itl.nist.gov/div898/handbook/pmd/section8/plots/r11p2.gif]
[www.itl.nist.gov/div898/handbook/pmd/section8/plots/r11p2.r.gif]
[www.itl.nist.gov/div898/handbook/pmd/section8/plots/r11p3.gif]
[www.itl.nist.gov/div898/handbook/pmd/section8/plots/r11p3.r.gif]
[www.itl.nist.gov/div898/handbook/pmd/section8/plots/r11p4.gif]
[www.itl.nist.gov/div898/handbook/pmd/section8/plots/r11p4.r.gif]
[www.itl.nist.gov/div898/handbook/pmd/section8/plots/r11p5.gif]
[www.itl.nist.gov/div898/handbook/pmd/section8/plots/r11p5.r.gif]
[www.itl.nist.gov/div898/handbook/pmd/section8/pmd8122.html]
[www.itl.nist.gov/div898/handbook/pmd/section8/plots/r12p1.gif]
[www.itl.nist.gov/div898/handbook/pmd/section8/plots/r12p1.r.gif]
[www.itl.nist.gov/div898/handbook/pmd/section8/plots/r12p2.gif]
[www.itl.nist.gov/div898/handbook/pmd/section8/plots/r12p2.r.gif]
[www.itl.nist.gov/div898/handbook/pmd/section8/plots/r12p3.gif]
[www.itl.nist.gov/div898/handbook/pmd/section8/plots/r12p3.r.gif]
[www.itl.nist.gov/div898/handbook/pmd/section8/plots/r12p4.gif]
[www.itl.nist.gov/div898/handbook/pmd/section8/plots/r12p4.r.gif]
[www.itl.nist.gov/div898/handbook/pmd/section8/plots/r12p5.gif]
[www.itl.nist.gov/div898/handbook/pmd/section8/plots/r12p5.r.gif]
[www.itl.nist.gov/div898/handbook/pmd/section8/pmd8123.html]
[www.itl.nist.gov/div898/handbook/pmd/section8/plots/r21p1.gif]
[www.itl.nist.gov/div898/handbook/pmd/section8/plots/r21p1.r.gif]
[www.itl.nist.gov/div898/handbook/pmd/section8/plots/r21p2.gif]
[www.itl.nist.gov/div898/handbook/pmd/section8/plots/r21p2.r.gif]
[www.itl.nist.gov/div898/handbook/pmd/section8/plots/r21p3.gif]
[www.itl.nist.gov/div898/handbook/pmd/section8/plots/r21p3.r.gif]
[www.itl.nist.gov/div898/handbook/pmd/section8/plots/r21p4.gif]
[www.itl.nist.gov/div898/handbook/pmd/section8/plots/r21p4.r.gif]
[www.itl.nist.gov/div898/handbook/pmd/section8/plots/r21p5.gif]
[www.itl.nist.gov/div898/handbook/pmd/section8/plots/r21p5.r.gif]
[www.itl.nist.gov/div898/handbook/pmd/section8/pmd8124.html]
[www.itl.nist.gov/div898/handbook/pmd/section8/plots/r22p1.gif]
[www.itl.nist.gov/div898/handbook/pmd/section8/plots/r22p1.r.gif]
[www.itl.nist.gov/div898/handbook/pmd/section8/plots/r22p2.gif]
[www.itl.nist.gov/div898/handbook/pmd/section8/plots/r22p2.r.gif]
[www.itl.nist.gov/div898/handbook/pmd/section8/plots/r22p3.gif]
[www.itl.nist.gov/div898/handbook/pmd/section8/plots/r22p3.r.gif]
[www.itl.nist.gov/div898/handbook/pmd/section8/plots/r22p4.gif]
[www.itl.nist.gov/div898/handbook/pmd/section8/plots/r22p4.r.gif]
[www.itl.nist.gov/div898/handbook/pmd/section8/plots/r22p5.gif]
[www.itl.nist.gov/div898/handbook/pmd/section8/plots/r22p5.r.gif]
[www.itl.nist.gov/div898/handbook/pmd/section8/plots/r22p6.gif]
[www.itl.nist.gov/div898/handbook/pmd/section8/plots/r22p6.r.gif]
[www.itl.nist.gov/div898/handbook/pmd/section8/pmd8125.html]
[www.itl.nist.gov/div898/handbook/pmd/section8/plots/r31p1.gif]
[www.itl.nist.gov/div898/handbook/pmd/section8/plots/r31p1.r.gif]
[www.itl.nist.gov/div898/handbook/pmd/section8/plots/r31p2.gif]
[www.itl.nist.gov/div898/handbook/pmd/section8/plots/r31p2.r.gif]
[www.itl.nist.gov/div898/handbook/pmd/section8/plots/r31p3.gif]
[www.itl.nist.gov/div898/handbook/pmd/section8/plots/r31p3.r.gif]
[www.itl.nist.gov/div898/handbook/pmd/section8/plots/r31p4.gif]
[www.itl.nist.gov/div898/handbook/pmd/section8/plots/r31p4.r.gif]
[www.itl.nist.gov/div898/handbook/pmd/section8/plots/r31p5.gif]
[www.itl.nist.gov/div898/handbook/pmd/section8/plots/r31p5.r.gif]
[www.itl.nist.gov/div898/handbook/pmd/section8/pmd8126.html]
[www.itl.nist.gov/div898/handbook/pmd/section8/plots/r32p1.gif]
[www.itl.nist.gov/div898/handbook/pmd/section8/plots/r32p1.r.gif]
[www.itl.nist.gov/div898/handbook/pmd/section8/plots/r32p2.gif]
[www.itl.nist.gov/div898/handbook/pmd/section8/plots/r32p2.r.gif]
[www.itl.nist.gov/div898/handbook/pmd/section8/plots/r32p3.gif]
[www.itl.nist.gov/div898/handbook/pmd/section8/plots/r32p3.r.gif]
[www.itl.nist.gov/div898/handbook/pmd/section8/plots/r32p4.gif]
[www.itl.nist.gov/div898/handbook/pmd/section8/plots/r32p4.r.gif]
[www.itl.nist.gov/div898/handbook/pmd/section8/plots/r32p5.gif]
[www.itl.nist.gov/div898/handbook/pmd/section8/plots/r32p5.r.gif]
[www.itl.nist.gov/div898/handbook/pmd/section8/pmd8127.html]
[www.itl.nist.gov/div898/handbook/pmd/section8/plots/r13p1.gif]
[www.itl.nist.gov/div898/handbook/pmd/section8/plots/r13p1.r.gif]
[www.itl.nist.gov/div898/handbook/pmd/section8/plots/r13p2.gif]
[www.itl.nist.gov/div898/handbook/pmd/section8/plots/r13p2.r.gif]
[www.itl.nist.gov/div898/handbook/pmd/section8/plots/r13p3.gif]
[www.itl.nist.gov/div898/handbook/pmd/section8/plots/r13p3.r.gif]
[www.itl.nist.gov/div898/handbook/pmd/section8/plots/r13p4.gif]
[www.itl.nist.gov/div898/handbook/pmd/section8/pmd8128.html]
[www.itl.nist.gov/div898/handbook/pmd/section8/plots/r13p4.r.gif]
[www.itl.nist.gov/div898/handbook/pmd/section8/plots/r23p1.gif]
[www.itl.nist.gov/div898/handbook/pmd/section8/plots/r23p1.r.gif]
[www.itl.nist.gov/div898/handbook/pmd/section8/plots/r23p2.gif]
[www.itl.nist.gov/div898/handbook/pmd/section8/plots/r23p2.r.gif]
[www.itl.nist.gov/div898/handbook/pmd/section8/plots/r23p3.gif]
[www.itl.nist.gov/div898/handbook/pmd/section8/pmd8129.html]
[www.itl.nist.gov/div898/handbook/pmd/section8/plots/r23p3.r.gif]
[www.itl.nist.gov/div898/handbook/pmd/section8/plots/r33p1.gif]
[www.itl.nist.gov/div898/handbook/pmd/section8/plots/r33p1.r.gif]
[www.itl.nist.gov/div898/handbook/pmd/section8/plots/r33p2.gif]
[www.itl.nist.gov/div898/handbook/pmd/section8/plots/r33p2.r.gif]
[www.itl.nist.gov/div898/handbook/pmd/section8/plots/r33p3.gif]
[www.itl.nist.gov/div898/handbook/pmd/section8/pmd812a.html]
[www.itl.nist.gov/div898/handbook/pmd/section8/plots/r33p3.r.gif]
[www.itl.nist.gov/div898/handbook/pmd/section8/plots/shape1.gif]
[www.itl.nist.gov/div898/handbook/pmd/section8/plots/shape1.r.gif]
[www.itl.nist.gov/div898/handbook/pmd/section8/plots/shape2.gif]
[www.itl.nist.gov/div898/handbook/pmd/section8/plots/shape2.r.gif]
[www.itl.nist.gov/div898/handbook/pmd/section8/plots/shape3.gif]
[www.itl.nist.gov/div898/handbook/pmd/section8/plots/shape3.r.gif]
[www.itl.nist.gov/div898/handbook/pmd/section8/plots/shape4.gif]
[www.itl.nist.gov/div898/handbook/pmd/section8/plots/shape4.r.gif]
[www.itl.nist.gov/div898/handbook/pmd/section8/plots/shape5.gif]
[www.itl.nist.gov/div898/handbook/pmd/section8/plots/shape5.r.gif]
[www.itl.nist.gov/div898/handbook/pmd/section8/plots/shape6.gif]
[www.itl.nist.gov/div898/handbook/pmd/section8/plots/shape6.r.gif]
[www.itl.nist.gov/div898/handbook/pmd/section8/plots/shape7.gif]
[www.itl.nist.gov/div898/handbook/pmd/section8/plots/shape7.r.gif]
[www.itl.nist.gov/div898/handbook/pmd/section8/plots/shape8.gif]
[www.itl.nist.gov/div898/handbook/pmd/section8/plots/shape8.r.gif]
[www.itl.nist.gov/div898/handbook/pmd/section8/plots/shape9.gif]
[www.itl.nist.gov/div898/handbook/pmd/section8/plots/shape9.r.gif]
[www.itl.nist.gov/div898/handbook/pmd/section8/plots/shap10.gif]
[www.itl.nist.gov/div898/handbook/pmd/section8/plots/shap10.r.gif]
[www.itl.nist.gov/div898/handbook/pmd/section8/pmd812b.html]
[www.itl.nist.gov/div898/handbook/pri/section3/pri3321.html]
[www.itl.nist.gov/div898/handbook/pri/section3/pri3322.html]
[www.itl.nist.gov/div898/handbook/pri/section3/pri3323.html]
[www.itl.nist.gov/div898/handbook/pri/section3/pri3331.html]
[www.itl.nist.gov/div898/handbook/pri/section3/pri3332.html]
[www.itl.nist.gov/div898/handbook/pri/section3/gifs/cube.gif]
[www.itl.nist.gov/div898/handbook/pri/section3/gifs/arnonf1.gif]
[www.itl.nist.gov/div898/handbook/pri/section3/pri3333.html]
[www.itl.nist.gov/div898/handbook/pri/section3/pri3341.html]
[www.itl.nist.gov/div898/handbook/pri/section3/pri3342.html]
[www.itl.nist.gov/div898/handbook/pri/section3/pri3343.html]
[www.itl.nist.gov/div898/handbook/pri/section3/gifs/arnonf9.gif]
[www.itl.nist.gov/div898/handbook/pri/section3/gifs/arnonf10.gif]
[www.itl.nist.gov/div898/handbook/pri/section3/gifs/arnonf11.gif]
[www.itl.nist.gov/div898/handbook/pri/section3/pri3344.html]
[www.itl.nist.gov/div898/handbook/pri/section3/gifs/arnonf12.gif]
[www.itl.nist.gov/div898/handbook/pri/section3/pri3345.html]
[www.itl.nist.gov/div898/handbook/pri/section3/pri3346.html]
[www.itl.nist.gov/div898/handbook/pri/section3/eqns/facnames.gif]
[www.itl.nist.gov/div898/handbook/pri/section3/eqns/2to3m1.txt]
[www.itl.nist.gov/div898/handbook/pri/section3/eqns/2to4m1.txt]
[www.itl.nist.gov/div898/handbook/pri/section3/eqns/2to5m1.txt]
[www.itl.nist.gov/div898/handbook/pri/section3/eqns/2to5m2.txt]
[www.itl.nist.gov/div898/handbook/pri/section3/eqns/2to6m1.txt]
[www.itl.nist.gov/div898/handbook/pri/section3/eqns/2to6m2.txt]
[www.itl.nist.gov/div898/handbook/pri/section3/eqns/2to6m3.txt]
[www.itl.nist.gov/div898/handbook/pri/section3/eqns/2to7m1.txt]
[www.itl.nist.gov/div898/handbook/pri/section3/eqns/2to7m2.txt]
[www.itl.nist.gov/div898/handbook/pri/section3/eqns/2to7m3.txt]
[www.itl.nist.gov/div898/handbook/pri/section3/eqns/2to7m4.txt]
[www.itl.nist.gov/div898/handbook/pri/section3/eqns/2to8m1.txt]
[www.itl.nist.gov/div898/handbook/pri/section3/eqns/2to8m3.txt]
[www.itl.nist.gov/div898/handbook/pri/section3/eqns/2to8m4.txt]
[www.itl.nist.gov/div898/handbook/pri/section3/eqns/2to9m2.txt]
[www.itl.nist.gov/div898/handbook/pri/section3/eqns/2to9m3.txt]
[www.itl.nist.gov/div898/handbook/pri/section3/eqns/2to9m4.txt]
[www.itl.nist.gov/div898/handbook/pri/section3/eqns/2to9m5.txt]
[www.itl.nist.gov/div898/handbook/pri/section3/eqns/2to10m3.txt]
[www.itl.nist.gov/div898/handbook/pri/section3/eqns/2to10m4.txt]
[www.itl.nist.gov/div898/handbook/pri/section3/eqns/2to10m5.txt]
[www.itl.nist.gov/div898/handbook/pri/section3/eqns/2to10m6.txt]
[www.itl.nist.gov/div898/handbook/pri/section3/eqns/2to11m4.txt]
[www.itl.nist.gov/div898/handbook/pri/section3/eqns/2to11m5.txt]
[www.itl.nist.gov/div898/handbook/pri/section3/eqns/2to11m6.txt]
[www.itl.nist.gov/div898/handbook/pri/section3/eqns/2to11m7.txt]
[www.itl.nist.gov/div898/handbook/pri/section3/eqns/2to15m11.txt]
[www.itl.nist.gov/div898/handbook/pri/section3/pri3347.html]
[www.itl.nist.gov/div898/handbook/pri/section3/eqns/2to31m26.txt]
[www.itl.nist.gov/div898/handbook/pri/section3/gifs/fig5.gif]
[www.itl.nist.gov/div898/handbook/pri/section3/eqns/alpha.gif]
[www.itl.nist.gov/div898/handbook/pri/section3/pri3361.html]
[www.itl.nist.gov/div898/handbook/pri/section3/gifs/ccd2.gif]
[www.itl.nist.gov/div898/handbook/pri/section3/gifs/bb.gif]
[www.itl.nist.gov/div898/handbook/pri/section3/pri3362.html]
[www.itl.nist.gov/div898/handbook/pri/section3/pri3363.html]
[www.itl.nist.gov/div898/handbook/pri/section3/pri3364.html]
[www.itl.nist.gov/div898/handbook/pri/section3/pri3381.html]
[www.itl.nist.gov/div898/handbook/pri/section3/pri3382.html]
[www.itl.nist.gov/div898/handbook/pri/section5/gifs/img19a.gif]
[www.itl.nist.gov/div898/handbook/pri/section5/gifs/fig5.3.gif]
[www.itl.nist.gov/div898/handbook/pri/section5/gifs/img34.gif]
[www.itl.nist.gov/div898/handbook/pri/section5/gifs/img37.gif]
[www.itl.nist.gov/div898/handbook/pri/section5/pri5311.html]
[www.itl.nist.gov/div898/handbook/pri/section5/gifs/img66a.gif]
[www.itl.nist.gov/div898/handbook/pri/section5/pri5312.html]
[www.itl.nist.gov/div898/handbook/pri/section5/pri5313.html]
[www.itl.nist.gov/div898/handbook/pri/section5/pri5314_r01.gif]
[www.itl.nist.gov/div898/handbook/pri/section5/pri5314_r02.gif]
[www.itl.nist.gov/div898/handbook/pri/section5/pri5314.html]
[www.itl.nist.gov/div898/handbook/pri/section5/pri5315.html]
[www.itl.nist.gov/div898/handbook/pri/section5/pri5316.html]
[www.itl.nist.gov/div898/handbook/pri/section5/pri5321.html]
[www.itl.nist.gov/div898/handbook/pri/section5/pri5322.html]
[www.itl.nist.gov/div898/handbook/pri/section5/pri5322_r01.gif]
[www.itl.nist.gov/div898/handbook/pri/section5/pri5323.html]
[www.itl.nist.gov/div898/handbook/pri/section5/gifs/ordered.gif]
[www.itl.nist.gov/div898/handbook/pri/section5/pri591.html]
[www.itl.nist.gov/div898/handbook/pri/section5/gifs/ordered.r.gif]
[www.itl.nist.gov/div898/handbook/pri/section5/gifs/dexscat.gif]
[www.itl.nist.gov/div898/handbook/pri/section5/gifs/dexscat.r.gif]
[www.itl.nist.gov/div898/handbook/pri/section5/pri592.html]
[www.itl.nist.gov/div898/handbook/pri/section5/gifs/dexmean.gif]
[www.itl.nist.gov/div898/handbook/pri/section5/pri593.html]
[www.itl.nist.gov/div898/handbook/pri/section5/gifs/dexmean.r.gif]
[www.itl.nist.gov/div898/handbook/pri/section5/gifs/interact.gif]
[www.itl.nist.gov/div898/handbook/pri/section5/pri594.html]
[www.itl.nist.gov/div898/handbook/pri/section5/gifs/interact.r.gif]
[www.itl.nist.gov/div898/handbook/pri/section5/gifs/blockplt.gif]
[www.itl.nist.gov/div898/handbook/pri/section5/gifs/blockplt.r.gif]
[www.itl.nist.gov/div898/handbook/pri/section5/pri595.html]
[www.itl.nist.gov/div898/handbook/pri/section5/gifs/youden.gif]
[www.itl.nist.gov/div898/handbook/pri/section5/gifs/youden.r.gif]
[www.itl.nist.gov/div898/handbook/pri/section5/pri596.html]
[www.itl.nist.gov/div898/handbook/pri/section5/gifs/effects.gif]
[www.itl.nist.gov/div898/handbook/pri/section5/pri597.html]
[www.itl.nist.gov/div898/handbook/pri/section5/gifs/effects.r.gif]
[www.itl.nist.gov/div898/handbook/pri/section5/pri5971.html]
[www.itl.nist.gov/div898/handbook/pri/section5/pri5972.html]
[www.itl.nist.gov/div898/handbook/pri/section5/pri5973.html]
[www.itl.nist.gov/div898/handbook/pri/section5/pri5974.html]
[www.itl.nist.gov/div898/handbook/pri/section5/gifs/halfnorm.gif]
[www.itl.nist.gov/div898/handbook/pri/section5/gifs/halfnorm.r.gif]
[www.itl.nist.gov/div898/handbook/pri/section5/pri598.html]
[www.itl.nist.gov/div898/handbook/pri/section5/gifs/cumressd.gif]
[www.itl.nist.gov/div898/handbook/pri/section5/pri599.html]
[www.itl.nist.gov/div898/handbook/pri/section5/gifs/cumressd.r.gif]
[www.itl.nist.gov/div898/handbook/pri/section5/pri5991.html]
[www.itl.nist.gov/div898/handbook/pri/section5/pri5992.html]
[www.itl.nist.gov/div898/handbook/pri/section5/pri5993.html]
[www.itl.nist.gov/div898/handbook/pri/section5/pri5994.html]
[www.itl.nist.gov/div898/handbook/pri/section5/pri5995.html]
[www.itl.nist.gov/div898/handbook/pri/section5/pri5996.html]
[www.itl.nist.gov/div898/handbook/pri/section5/dpmacros/2x2des.gif]
[www.itl.nist.gov/div898/handbook/pri/section5/pri5997.html]
[www.itl.nist.gov/div898/handbook/pri/section5/pri5998.html]
[www.itl.nist.gov/div898/handbook/pri/section5/pri5999.html]
[www.itl.nist.gov/div898/handbook/pri/section5/dpmacros/2x2des2.gif]
[www.itl.nist.gov/div898/handbook/pri/section5/dpmacros/2x2des3.gif]
[www.itl.nist.gov/div898/handbook/pri/section5/dpmacros/2x2des4.gif]
[www.itl.nist.gov/div898/handbook/pri/section5/pri599a.html]
[www.itl.nist.gov/div898/handbook/pri/section5/dpmacros/2x2des5.gif]
[www.itl.nist.gov/div898/handbook/pri/section5/pri599b.html]
[www.itl.nist.gov/div898/handbook/pri/section5/dpmacros/2x2des6.gif]
[www.itl.nist.gov/div898/handbook/pri/section5/gifs/contour.gif]
[www.itl.nist.gov/div898/handbook/pri/section5/pri59a.html]
[www.itl.nist.gov/div898/handbook/pri/section5/pri59a1.html]
[www.itl.nist.gov/div898/handbook/pri/section5/pri59a2.html]
[www.itl.nist.gov/div898/handbook/pri/section5/pri59a3.html]
[www.itl.nist.gov/div898/handbook/pri/section5/gifs/contour.r.gif]
[www.itl.nist.gov/div898/handbook/pri/section5/pri59a4.html]
[www.itl.nist.gov/div898/handbook/pri/section5/pri59a5.html]
[www.itl.nist.gov/div898/handbook/pri/section5/pri59a6.html]
[www.itl.nist.gov/div898/handbook/pri/section5/eqns/ybar.gif]
[www.itl.nist.gov/div898/handbook/pri/section5/pri59a7.html]
[www.itl.nist.gov/div898/handbook/pri/section5/dpmacros/2x2des7.gif]
[www.itl.nist.gov/div898/handbook/pri/section6/pri611.dp]
[www.itl.nist.gov/div898/handbook/pri/section6/pri611.html]
[www.itl.nist.gov/div898/handbook/pri/section6/splett3/gifs/order_f.gif]
[www.itl.nist.gov/div898/handbook/pri/section6/pri612_r01.gif]
[www.itl.nist.gov/div898/handbook/pri/section6/splett3/gifs/dexsct_f.gif]
[www.itl.nist.gov/div898/handbook/pri/section6/pri612_r02.gif]
[www.itl.nist.gov/div898/handbook/pri/section6/splett3/gifs/dexmea_f.gif]
[www.itl.nist.gov/div898/handbook/pri/section6/pri612.html]
[www.itl.nist.gov/div898/handbook/pri/section6/pri612_r03.gif]
[www.itl.nist.gov/div898/handbook/pri/section6/splett3/gifs/dexeff_f.gif]
[www.itl.nist.gov/div898/handbook/pri/section6/pri613_r01.gif]
[www.itl.nist.gov/div898/handbook/pri/section6/pri613.html]
[www.itl.nist.gov/div898/handbook/pri/section6/splett3/gifs/blockp_f.gif]
[www.itl.nist.gov/div898/handbook/pri/section6/pri614_r01.gif]
[www.itl.nist.gov/div898/handbook/pri/section6/pri614.html]
[www.itl.nist.gov/div898/handbook/pri/section6/pri615.html]
[www.itl.nist.gov/div898/handbook/pri/section6/pri616.html]
[www.itl.nist.gov/div898/handbook/pri/section6/pri617.html]
[www.itl.nist.gov/div898/handbook/pri/section6/splett3/gifs/normpr_f.gif]
[www.itl.nist.gov/div898/handbook/pri/section6/pri618_r01.gif]
[www.itl.nist.gov/div898/handbook/pri/section6/splett3/gifs/youden_f.gif]
[www.itl.nist.gov/div898/handbook/pri/section6/pri618_r02.gif]
[www.itl.nist.gov/div898/handbook/pri/section6/pri618.html]
[www.itl.nist.gov/div898/handbook/pri/section6/splett3/gifs/part_f.gif]
[www.itl.nist.gov/div898/handbook/pri/section6/pri619_r01.gif]
[www.itl.nist.gov/div898/handbook/pri/section6/pri619.html]
[www.itl.nist.gov/div898/handbook/pri/section6/splett3/gifs/dexcon_f.gif]
[www.itl.nist.gov/div898/handbook/pri/section6/pri61a.html]
[www.itl.nist.gov/div898/handbook/pri/section6/pri61b.html]
[www.itl.nist.gov/div898/handbook/pri/section6/pri61a_r01.gif]
[www.itl.nist.gov/div898/handbook/pri/section6/splett3/dpmacros/data.dp]
[www.itl.nist.gov/div898/handbook/pri/section6/splett3/dpmacros/order.dp]
[www.itl.nist.gov/div898/handbook/pri/section6/splett3/dpmacros/dexsct.dp]
[www.itl.nist.gov/div898/handbook/pri/section6/splett3/dpmacros/dexmea.dp]
[www.itl.nist.gov/div898/handbook/pri/section6/splett3/dpmacros/dexeff.dp]
[www.itl.nist.gov/div898/handbook/pri/section6/splett3/dpmacros/blockp.dp]
[www.itl.nist.gov/div898/handbook/pri/section6/splett3/dpmacros/yates.dp]
[www.itl.nist.gov/div898/handbook/pri/section6/splett3/dpmacros/normpr.dp]
[www.itl.nist.gov/div898/handbook/pri/section6/splett3/dpmacros/youden.dp]
[www.itl.nist.gov/div898/handbook/pri/section6/splett3/dpmacros/fitpart.dp]
[www.itl.nist.gov/div898/handbook/pri/section6/splett3/dpmacros/part.dp]
[www.itl.nist.gov/div898/handbook/pri/section6/splett3/dpmacros/dexcon.dp]
[www.itl.nist.gov/div898/handbook/pri/section6/pri61c.html]
[www.itl.nist.gov/div898/handbook/pri/section6/pri621.dp]
[www.itl.nist.gov/div898/handbook/pri/section6/pri621.html]
[www.itl.nist.gov/div898/handbook/pri/section6/inn/gifs/order_f.gif]
[www.itl.nist.gov/div898/handbook/pri/section6/inn/gifs/order_r.gif]
[www.itl.nist.gov/div898/handbook/pri/section6/inn/gifs/dexsct_f.gif]
[www.itl.nist.gov/div898/handbook/pri/section6/inn/gifs/dexsct_r.gif]
[www.itl.nist.gov/div898/handbook/pri/section6/inn/gifs/dexmea_f.gif]
[www.itl.nist.gov/div898/handbook/pri/section6/inn/gifs/dexmea_r.gif]
[www.itl.nist.gov/div898/handbook/pri/section6/pri622.html]
[www.itl.nist.gov/div898/handbook/pri/section6/inn/gifs/dexeff_f.gif]
[www.itl.nist.gov/div898/handbook/pri/section6/pri623.html]
[www.itl.nist.gov/div898/handbook/pri/section6/inn/gifs/dexeff_r.gif]
[www.itl.nist.gov/div898/handbook/pri/section6/inn/gifs/blockp_f.gif]
[www.itl.nist.gov/div898/handbook/pri/section6/inn/gifs/blockp_r.gif]
[www.itl.nist.gov/div898/handbook/pri/section6/pri624.html]
[www.itl.nist.gov/div898/handbook/pri/section6/inn/gifs/youden_f.gif]
[www.itl.nist.gov/div898/handbook/pri/section6/inn/gifs/youden_r.gif]
[www.itl.nist.gov/div898/handbook/pri/section6/pri625.html]
[www.itl.nist.gov/div898/handbook/pri/section6/inn/gifs/effect_f.gif]
[www.itl.nist.gov/div898/handbook/pri/section6/pri626.html]
[www.itl.nist.gov/div898/handbook/pri/section6/inn/gifs/effect_r.gif]
[www.itl.nist.gov/div898/handbook/pri/section6/inn/gifs/probpl_f.gif]
[www.itl.nist.gov/div898/handbook/pri/section6/inn/gifs/probpl_r.gif]
[www.itl.nist.gov/div898/handbook/pri/section6/pri627.html]
[www.itl.nist.gov/div898/handbook/pri/section6/inn/gifs/cumres_f.gif]
[www.itl.nist.gov/div898/handbook/pri/section6/inn/gifs/cumres_r.gif]
[www.itl.nist.gov/div898/handbook/pri/section6/pri628.html]
[www.itl.nist.gov/div898/handbook/pri/section6/inn/gifs/dexcon_f.gif]
[www.itl.nist.gov/div898/handbook/pri/section6/inn/gifs/dexcon_r.gif]
[www.itl.nist.gov/div898/handbook/pri/section6/pri629.html]
[www.itl.nist.gov/div898/handbook/pri/section6/pri62a.html]
[www.itl.nist.gov/div898/handbook/pri/section6/inn/dpmacros/data.dp]
[www.itl.nist.gov/div898/handbook/pri/section6/inn/dpmacros/order.dp]
[www.itl.nist.gov/div898/handbook/pri/section6/inn/dpmacros/dexsct.dp]
[www.itl.nist.gov/div898/handbook/pri/section6/inn/dpmacros/dexmea.dp]
[www.itl.nist.gov/div898/handbook/pri/section6/inn/dpmacros/dexeff.dp]
[www.itl.nist.gov/div898/handbook/pri/section6/inn/dpmacros/blockp.dp]
[www.itl.nist.gov/div898/handbook/pri/section6/inn/dpmacros/youden.dp]
[www.itl.nist.gov/div898/handbook/pri/section6/inn/dpmacros/effect.dp]
[www.itl.nist.gov/div898/handbook/pri/section6/inn/dpmacros/probpl.dp]
[www.itl.nist.gov/div898/handbook/pri/section6/inn/dpmacros/cumres.dp]
[www.itl.nist.gov/div898/handbook/pri/section6/inn/dpmacros/dexcon.dp]
[www.itl.nist.gov/div898/handbook/pri/section6/pri62b.html]
[www.itl.nist.gov/div898/handbook/pmc/section2/pmc231.html]
[www.itl.nist.gov/div898/handbook/pmc/section2/gifs/occurve.gif]
[www.itl.nist.gov/div898/handbook/pmc/section2/gifs/aoq11.gif]
[www.itl.nist.gov/div898/handbook/pmc/section2/gifs/ati1.gif]
[www.itl.nist.gov/div898/handbook/pmc/section2/pmc232.html]
[www.itl.nist.gov/div898/handbook/pmc/section3/pmc321.html]
[www.itl.nist.gov/div898/handbook/pmc/section3/gifs/plot1.gif]
[www.itl.nist.gov/div898/handbook/pmc/section3/pmc322.html]
[www.itl.nist.gov/div898/handbook/pmc/section3/gifs/mask2.gif]
[www.itl.nist.gov/div898/handbook/pmc/section3/pmc323_r01.gif]
[www.itl.nist.gov/div898/handbook/pmc/section3/pmc323.html]
[www.itl.nist.gov/div898/handbook/pmc/section3/pmc3231.html]
[www.itl.nist.gov/div898/handbook/pmc/section3/pmc324.html]
[www.itl.nist.gov/div898/handbook/pmc/section3/pmc323_r02.gif]
[www.itl.nist.gov/div898/handbook/pmc/section3/gifs/cc2.gif]
[www.itl.nist.gov/div898/handbook/pmc/section3/pmc331.html]
[www.itl.nist.gov/div898/handbook/pmc/section3/pmc332.html]
[www.itl.nist.gov/div898/handbook/pmc/section3/pmc341.html]
[www.itl.nist.gov/div898/handbook/pmc/section3/pmc342.html]
[www.itl.nist.gov/div898/handbook/pmc/section3/gifs/pchart.gif]
[www.itl.nist.gov/div898/handbook/pmc/section3/gifs/mewma.gif]
[www.itl.nist.gov/div898/handbook/pmc/section3/pmc343.html]
[www.itl.nist.gov/div898/handbook/pmc/section4/pmc421.html]
[www.itl.nist.gov/div898/handbook/pmc/section4/pmc422.html]
[www.itl.nist.gov/div898/handbook/pmc/section4/gifs/tseries2.gif]
[www.itl.nist.gov/div898/handbook/pmc/section4/pmc431.html]
[www.itl.nist.gov/div898/handbook/pmc/section4/pmc432.html]
[www.itl.nist.gov/div898/handbook/pmc/section4/pmc433.html]
[www.itl.nist.gov/div898/handbook/pmc/section4/gifs/tseries3.gif]
[www.itl.nist.gov/div898/handbook/pmc/section4/gifs/tseries4.gif]
[www.itl.nist.gov/div898/handbook/pmc/section4/gifs/tseries5.gif]
[www.itl.nist.gov/div898/handbook/pmc/section4/pmc434.html]
[www.itl.nist.gov/div898/handbook/pmc/section4/pmc435.html]
[www.itl.nist.gov/div898/handbook/pmc/section4/gifs/tseries6.gif]
[www.itl.nist.gov/div898/handbook/pmc/section4/gifs/tseries7.gif]
[www.itl.nist.gov/div898/handbook/pmc/section4/pmc436.html]
[www.itl.nist.gov/div898/handbook/pmc/section4/pmc437.html]
[www.itl.nist.gov/div898/handbook/pmc/section4/pmc441.html]
[www.itl.nist.gov/div898/handbook/pmc/section4/pmc4411.html]
[www.itl.nist.gov/div898/handbook/pmc/section4/pmc4412.html]
[www.itl.nist.gov/div898/handbook/pmc/section4/gifs/co2runsq.gif]
[www.itl.nist.gov/div898/handbook/pmc/section4/pmc442.html]
[www.itl.nist.gov/div898/handbook/pmc/section4/gifs/co2res.gif]
[www.itl.nist.gov/div898/handbook/pmc/section4/gifs/oscrunsq.gif]
[www.itl.nist.gov/div898/handbook/pmc/section4/gifs/oscseas.gif]
[www.itl.nist.gov/div898/handbook/pmc/section4/gifs/oscboxpl.gif]
[www.itl.nist.gov/div898/handbook/pmc/section4/gifs/co2seas.gif]
[www.itl.nist.gov/div898/handbook/pmc/section4/gifs/co2boxpl.gif]
[www.itl.nist.gov/div898/handbook/pmc/section4/pmc443.html]
[www.itl.nist.gov/div898/handbook/pmc/section4/pmc4431.dp]
[www.itl.nist.gov/div898/handbook/pmc/section4/pmc4431.html]
[www.itl.nist.gov/div898/handbook/pmc/section4/pmc444.html]
[www.itl.nist.gov/div898/handbook/pmc/section4/pmc445.html]
[www.itl.nist.gov/div898/handbook/pmc/section4/pmc446.html]
[www.itl.nist.gov/div898/handbook/pmc/section4/gifs/oscauto.gif]
[www.itl.nist.gov/div898/handbook/pmc/section4/pmc4461.html]
[www.itl.nist.gov/div898/handbook/pmc/section4/gifs/oscpart.gif]
[www.itl.nist.gov/div898/handbook/pmc/section4/gifs/co2auto.gif]
[www.itl.nist.gov/div898/handbook/pmc/section4/gifs/co2sauto.gif]
[www.itl.nist.gov/div898/handbook/pmc/section4/pmc4462.html]
[www.itl.nist.gov/div898/handbook/pmc/section4/gifs/co2spart.gif]
[www.itl.nist.gov/div898/handbook/pmc/section4/pmc4463.html]
[www.itl.nist.gov/div898/handbook/pmc/section4/pmc447.html]
[www.itl.nist.gov/div898/handbook/pmc/section4/pmc448.html]
[www.itl.nist.gov/div898/handbook/pmc/section4/pmc4481.html]
[www.itl.nist.gov/div898/handbook/pmc/section4/pmc449_r01.gif]
[www.itl.nist.gov/div898/handbook/pmc/section4/pmc449_r02.gif]
[www.itl.nist.gov/div898/handbook/pmc/section4/pmc449_r03.gif]
[www.itl.nist.gov/div898/handbook/pmc/section4/pmc449.html]
[www.itl.nist.gov/div898/handbook/pmc/section4/pmc44a_r01.gif]
[www.itl.nist.gov/div898/handbook/pmc/section4/pmc44a_r02.gif]
[www.itl.nist.gov/div898/handbook/pmc/section4/pmc44a_r03.gif]
[www.itl.nist.gov/div898/handbook/pmc/section4/pmc44a_r04.gif]
[www.itl.nist.gov/div898/handbook/pmc/section4/pmc44a_r05.gif]
[www.itl.nist.gov/div898/handbook/pmc/section4/pmc44a_r06.gif]
[www.itl.nist.gov/div898/handbook/pmc/section4/pmc44a_r07.gif]
[www.itl.nist.gov/div898/handbook/pmc/section4/pmc44a.html]
[www.itl.nist.gov/div898/handbook/pmc/section4/pmc451_r01.gif]
[www.itl.nist.gov/div898/handbook/pmc/section4/pmc451_r02.gif]
[www.itl.nist.gov/div898/handbook/pmc/section4/pmc451.html]
[www.itl.nist.gov/div898/handbook/pmc/section5/pmc531.html]
[www.itl.nist.gov/div898/handbook/pmc/section5/pmc532.html]
[www.itl.nist.gov/div898/handbook/pmc/section5/pmc541.html]
[www.itl.nist.gov/div898/handbook/pmc/section5/pmc542.html]
[www.itl.nist.gov/div898/handbook/pmc/section5/pmc543.html]
[www.itl.nist.gov/div898/handbook/pmc/section5/pmc5431.html]
[www.itl.nist.gov/div898/handbook/pmc/section5/pmc5432.html]
[www.itl.nist.gov/div898/handbook/pmc/section5/pmc5433.html]
[www.itl.nist.gov/div898/handbook/pmc/section5/pmc5434.html]
[www.itl.nist.gov/div898/handbook/pmc/section5/pmc5435.html]
[www.itl.nist.gov/div898/handbook/pmc/section5/pmc5436.html]
[www.itl.nist.gov/div898/handbook/pmc/section5/pmc551.html]
[www.itl.nist.gov/div898/handbook/pmc/section5/pmc552.html]
[www.itl.nist.gov/div898/handbook/pmc/section6/pmc611.dp]
[www.itl.nist.gov/div898/handbook/pmc/section6/pmc611.html]
[www.itl.nist.gov/div898/handbook/pmc/section6/lithogra/gif/4plot.gif]
[www.itl.nist.gov/div898/handbook/pmc/section6/lithogra/gif/runseqpl.gif]
[www.itl.nist.gov/div898/handbook/pmc/section6/lithogra/gif/scatcass.gif]
[www.itl.nist.gov/div898/handbook/pmc/section6/lithogra/gif/boxpcass.gif]
[www.itl.nist.gov/div898/handbook/pmc/section6/lithogra/gif/scatwafe.gif]
[www.itl.nist.gov/div898/handbook/pmc/section6/lithogra/gif/boxpwafe.gif]
[www.itl.nist.gov/div898/handbook/pmc/section6/lithogra/gif/scatsite.gif]
[www.itl.nist.gov/div898/handbook/pmc/section6/lithogra/gif/boxpsite.gif]
[www.itl.nist.gov/div898/handbook/pmc/section6/lithogra/gif/dexmean.gif]
[www.itl.nist.gov/div898/handbook/pmc/section6/lithogra/gif/dexsd.gif]
[www.itl.nist.gov/div898/handbook/pmc/section6/pmc612.html]
[www.itl.nist.gov/div898/handbook/pmc/section6/lithogra/gif/movemean.gif]
[www.itl.nist.gov/div898/handbook/pmc/section6/lithogra/gif/moverang.gif]
[www.itl.nist.gov/div898/handbook/pmc/section6/lithogra/gif/wafemean.gif]
[www.itl.nist.gov/div898/handbook/pmc/section6/lithogra/gif/wafesd.gif]
[www.itl.nist.gov/div898/handbook/pmc/section6/lithogra/gif/cassmean.gif]
[www.itl.nist.gov/div898/handbook/pmc/section6/lithogra/gif/casssd.gif]
[www.itl.nist.gov/div898/handbook/pmc/section6/pmc613.html]
[www.itl.nist.gov/div898/handbook/pmc/section6/lithogra/gif/cass2mea.gif]
[www.itl.nist.gov/div898/handbook/pmc/section6/pmc614.html]
[www.itl.nist.gov/div898/handbook/pmc/section6/lithogra/dpmacros/data.dp]
[www.itl.nist.gov/div898/handbook/pmc/section6/lithogra/dpmacros/summary.dp]
[www.itl.nist.gov/div898/handbook/pmc/section6/lithogra/dpmacros/4plot.dp]
[www.itl.nist.gov/div898/handbook/pmc/section6/lithogra/dpmacros/runseqpl.dp]
[www.itl.nist.gov/div898/handbook/pmc/section6/lithogra/dpmacros/scatcass.dp]
[www.itl.nist.gov/div898/handbook/pmc/section6/lithogra/dpmacros/boxpcass.dp]
[www.itl.nist.gov/div898/handbook/pmc/section6/lithogra/dpmacros/scatwafe.dp]
[www.itl.nist.gov/div898/handbook/pmc/section6/lithogra/dpmacros/boxpwafe.dp]
[www.itl.nist.gov/div898/handbook/pmc/section6/lithogra/dpmacros/scatsite.dp]
[www.itl.nist.gov/div898/handbook/pmc/section6/lithogra/dpmacros/boxpsite.dp]
[www.itl.nist.gov/div898/handbook/pmc/section6/lithogra/dpmacros/dexmeanp.dp]
[www.itl.nist.gov/div898/handbook/pmc/section6/lithogra/dpmacros/dexsd.dp]
[www.itl.nist.gov/div898/handbook/pmc/section6/lithogra/dpmacros/movemean.dp]
[www.itl.nist.gov/div898/handbook/pmc/section6/lithogra/dpmacros/moverang.dp]
[www.itl.nist.gov/div898/handbook/pmc/section6/lithogra/dpmacros/wafemean.dp]
[www.itl.nist.gov/div898/handbook/pmc/section6/lithogra/dpmacros/wafesd.dp]
[www.itl.nist.gov/div898/handbook/pmc/section6/lithogra/dpmacros/cassmean.dp]
[www.itl.nist.gov/div898/handbook/pmc/section6/lithogra/dpmacros/casssd.dp]
[www.itl.nist.gov/div898/handbook/pmc/section6/pmc615.html]
[www.itl.nist.gov/div898/handbook/pmc/section6/lithogra/dpmacros/cass2mea.dp]
[www.itl.nist.gov/div898/handbook/pmc/section6/pmc621.dp]
[www.itl.nist.gov/div898/handbook/pmc/section6/pmc621.html]
[www.itl.nist.gov/div898/handbook/pmc/section6/negiz4/gif/runseqpl.gif]
[www.itl.nist.gov/div898/handbook/pmc/section6/negiz4/gif/autocopl.gif]
[www.itl.nist.gov/div898/handbook/pmc/section6/negiz4/gif/runseqp2.gif]
[www.itl.nist.gov/div898/handbook/pmc/section6/negiz4/gif/autocop2.gif]
[www.itl.nist.gov/div898/handbook/pmc/section6/negiz4/gif/partaupl.gif]
[www.itl.nist.gov/div898/handbook/pmc/section6/pmc622.html]
[www.itl.nist.gov/div898/handbook/pmc/section6/pmc623.html]
[www.itl.nist.gov/div898/handbook/pmc/section6/negiz4/gif/res4plot.gif]
[www.itl.nist.gov/div898/handbook/pmc/section6/negiz4/gif/autores1.gif]
[www.itl.nist.gov/div898/handbook/pmc/section6/negiz4/gif/res4plo2.gif]
[www.itl.nist.gov/div898/handbook/pmc/section6/negiz4/gif/autores2.gif]
[www.itl.nist.gov/div898/handbook/pmc/section6/pmc624.html]
[www.itl.nist.gov/div898/handbook/pmc/section6/negiz4/dpmacros/data.dp]
[www.itl.nist.gov/div898/handbook/pmc/section6/negiz4/dpmacros/runseqpl.dp]
[www.itl.nist.gov/div898/handbook/pmc/section6/negiz4/dpmacros/autocopl.dp]
[www.itl.nist.gov/div898/handbook/pmc/section6/negiz4/dpmacros/runseqp2.dp]
[www.itl.nist.gov/div898/handbook/pmc/section6/negiz4/dpmacros/autocop2.dp]
[www.itl.nist.gov/div898/handbook/pmc/section6/negiz4/dpmacros/partaupl.dp]
[www.itl.nist.gov/div898/handbook/pmc/section6/negiz4/dpmacros/arma.dp]
[www.itl.nist.gov/div898/handbook/pmc/section6/negiz4/dpmacros/arma2.dp]
[www.itl.nist.gov/div898/handbook/pmc/section6/negiz4/dpmacros/res4plot.dp]
[www.itl.nist.gov/div898/handbook/pmc/section6/negiz4/dpmacros/resauto1.dp]
[www.itl.nist.gov/div898/handbook/pmc/section6/negiz4/dpmacros/lujan1.dp]
[www.itl.nist.gov/div898/handbook/pmc/section6/negiz4/dpmacros/res4plo2.dp]
[www.itl.nist.gov/div898/handbook/pmc/section6/negiz4/dpmacros/resauto2.dp]
[www.itl.nist.gov/div898/handbook/pmc/section6/pmc625.html]
[www.itl.nist.gov/div898/handbook/pmc/section6/negiz4/dpmacros/lujan2.dp]
[www.itl.nist.gov/div898/handbook/prc/section1/prc131.html]
[www.itl.nist.gov/div898/handbook/prc/section2/prc211.html]
[www.itl.nist.gov/div898/handbook/prc/section2/prc212.html]
[www.itl.nist.gov/div898/handbook/prc/section2/prc213.html]
[www.itl.nist.gov/div898/handbook/prc/section2/prc221.html]
[www.itl.nist.gov/div898/handbook/prc/section2/prc222.html]
[www.itl.nist.gov/div898/handbook/prc/section2/prc231.html]
[www.itl.nist.gov/div898/handbook/prc/section2/prc232.dp]
[www.itl.nist.gov/div898/handbook/prc/section2/prc232.html]
[www.itl.nist.gov/div898/handbook/prc/section2/prc241.dp]
[www.itl.nist.gov/div898/handbook/prc/section2/prc241.html]
[www.itl.nist.gov/div898/handbook/prc/section2/prc242.html]
[www.itl.nist.gov/div898/handbook/prc/section2/prc261.html]
[www.itl.nist.gov/div898/handbook/prc/section2/prc262.html]
[www.itl.nist.gov/div898/handbook/prc/section2/prc263.dp]
[www.itl.nist.gov/div898/handbook/prc/section2/prc263.html]
[www.itl.nist.gov/div898/handbook/prc/section2/prc264.html]
[www.itl.nist.gov/div898/handbook/prc/section3/prc311.html]
[www.itl.nist.gov/div898/handbook/prc/section3/prc312.html]
[www.itl.nist.gov/div898/handbook/prc/section4/prc431.html]
[www.itl.nist.gov/div898/handbook/prc/section4/prc432.html]
[www.itl.nist.gov/div898/handbook/prc/section4/prc433.html]
[www.itl.nist.gov/div898/handbook/prc/section4/prc434.html]
[www.itl.nist.gov/div898/handbook/prc/section4/prc435.html]
[www.itl.nist.gov/div898/handbook/prc/section4/eqns/ybar2.gif]
[www.itl.nist.gov/div898/handbook/prc/section4/prc436.html]
[www.itl.nist.gov/div898/handbook/prc/section4/prc437.html]
[www.itl.nist.gov/div898/handbook/prc/section4/prc438.html]
[www.itl.nist.gov/div898/handbook/prc/section4/prc471.html]
[www.itl.nist.gov/div898/handbook/prc/section4/prc472.html]
[www.itl.nist.gov/div898/handbook/prc/section4/prc473.html]
[www.itl.nist.gov/div898/handbook/prc/section4/prc474.dp]
[www.itl.nist.gov/div898/handbook/prc/section4/prc474.html]
[www.itl.nist.gov/div898/handbook/apr/section1/apr111.html]
[www.itl.nist.gov/div898/handbook/apr/section1/apr112.html]
[www.itl.nist.gov/div898/handbook/apr/section1/apr113.html]
[www.itl.nist.gov/div898/handbook/apr/section1/gifs/f81212.gif]
[www.itl.nist.gov/div898/handbook/apr/section1/apr121.dp]
[www.itl.nist.gov/div898/handbook/apr/section1/apr121.html]
[www.itl.nist.gov/div898/handbook/apr/section1/apr122.html]
[www.itl.nist.gov/div898/handbook/apr/section1/apr123.html]
[www.itl.nist.gov/div898/handbook/apr/section1/gifs/bathtub2.gif]
[www.itl.nist.gov/div898/handbook/apr/section1/apr124.html]
[www.itl.nist.gov/div898/handbook/apr/section1/apr125.html]
[www.itl.nist.gov/div898/handbook/apr/section1/apr131.html]
[www.itl.nist.gov/div898/handbook/apr/section1/apr132.html]
[www.itl.nist.gov/div898/handbook/apr/section1/apr151.html]
[www.itl.nist.gov/div898/handbook/apr/section1/apr152.html]
[www.itl.nist.gov/div898/handbook/apr/section1/apr153.html]
[www.itl.nist.gov/div898/handbook/apr/section1/gifs/multi.gif]
[www.itl.nist.gov/div898/handbook/apr/section1/gifs/expo.gif]
[www.itl.nist.gov/div898/handbook/apr/section1/gifs/expcdf.gif]
[www.itl.nist.gov/div898/handbook/apr/section1/gifs/exponen.gif]
[www.itl.nist.gov/div898/handbook/apr/section1/apr161_r01.gif]
[www.itl.nist.gov/div898/handbook/apr/section1/apr161.dp]
[www.itl.nist.gov/div898/handbook/apr/section1/apr161.html]
[www.itl.nist.gov/div898/handbook/apr/section1/gifs/weibshp.gif]
[www.itl.nist.gov/div898/handbook/apr/section1/gifs/weibfr2.gif]
[www.itl.nist.gov/div898/handbook/apr/section1/apr162_r01.gif]
[www.itl.nist.gov/div898/handbook/apr/section1/apr162.dp]
[www.itl.nist.gov/div898/handbook/apr/section1/apr162.html]
[www.itl.nist.gov/div898/handbook/apr/section1/gifs/exvplot.gif]
[www.itl.nist.gov/div898/handbook/apr/section1/apr163_r01.gif]
[www.itl.nist.gov/div898/handbook/apr/section1/apr163.dp]
[www.itl.nist.gov/div898/handbook/apr/section1/apr163.html]
[www.itl.nist.gov/div898/handbook/apr/section1/eqns/lnpdf.gif]
[www.itl.nist.gov/div898/handbook/apr/section1/eqns/lnfr.gif]
[www.itl.nist.gov/div898/handbook/apr/section1/apr164_r01.gif]
[www.itl.nist.gov/div898/handbook/apr/section1/apr164.dp]
[www.itl.nist.gov/div898/handbook/apr/section1/apr164.html]
[www.itl.nist.gov/div898/handbook/apr/section1/gifs/gammapdf.gif]
[www.itl.nist.gov/div898/handbook/apr/section1/gifs/gammcdf.gif]
[www.itl.nist.gov/div898/handbook/apr/section1/gifs/gammafr.gif]
[www.itl.nist.gov/div898/handbook/apr/section1/apr165_r01.gif]
[www.itl.nist.gov/div898/handbook/apr/section1/apr165.dp]
[www.itl.nist.gov/div898/handbook/apr/section1/apr165.html]
[www.itl.nist.gov/div898/handbook/apr/section1/gifs/flifepdf.gif]
[www.itl.nist.gov/div898/handbook/apr/section1/gifs/flifehaz.gif]
[www.itl.nist.gov/div898/handbook/apr/section1/apr166_r01.gif]
[www.itl.nist.gov/div898/handbook/apr/section1/apr166.dp]
[www.itl.nist.gov/div898/handbook/apr/section1/apr166.html]
[www.itl.nist.gov/div898/handbook/apr/section1/apr167.html]
[www.itl.nist.gov/div898/handbook/apr/section1/apr171.html]
[www.itl.nist.gov/div898/handbook/apr/section1/apr172.html]
[www.itl.nist.gov/div898/handbook/apr/section1/apr173.html]
[www.itl.nist.gov/div898/handbook/apr/section1/apr181.html]
[www.itl.nist.gov/div898/handbook/apr/section1/gifs/series3.gif]
[www.itl.nist.gov/div898/handbook/apr/section1/apr182.html]
[www.itl.nist.gov/div898/handbook/apr/section1/gifs/para2.gif]
[www.itl.nist.gov/div898/handbook/apr/section1/apr183.html]
[www.itl.nist.gov/div898/handbook/apr/section1/apr184.html]
[www.itl.nist.gov/div898/handbook/apr/section1/apr185.html]
[www.itl.nist.gov/div898/handbook/apr/section1/gifs/complex.gif]
[www.itl.nist.gov/div898/handbook/apr/section1/apr186.html]
[www.itl.nist.gov/div898/handbook/apr/section1/apr191_r01.gif]
[www.itl.nist.gov/div898/handbook/apr/section1/apr191.dp]
[www.itl.nist.gov/div898/handbook/apr/section1/apr191.html]
[www.itl.nist.gov/div898/handbook/apr/section1/apr192_r01.gif]
[www.itl.nist.gov/div898/handbook/apr/section1/apr192_r02.gif]
[www.itl.nist.gov/div898/handbook/apr/section1/apr192.dp]
[www.itl.nist.gov/div898/handbook/apr/section1/apr192.html]
[www.itl.nist.gov/div898/handbook/apr/section1/apr193.html]
[www.itl.nist.gov/div898/handbook/apr/section2/apr211.html]
[www.itl.nist.gov/div898/handbook/apr/section2/apr212.html]
[www.itl.nist.gov/div898/handbook/apr/section2/apr213.html]
[www.itl.nist.gov/div898/handbook/apr/section2/apr214.html]
[www.itl.nist.gov/div898/handbook/apr/section2/apr215.html]
[www.itl.nist.gov/div898/handbook/apr/section2/apr221_r01.gif]
[www.itl.nist.gov/div898/handbook/apr/section2/apr221.dp]
[www.itl.nist.gov/div898/handbook/apr/section2/apr221.html]
[www.itl.nist.gov/div898/handbook/apr/section2/apr222_r01.gif]
[www.itl.nist.gov/div898/handbook/apr/section2/apr222_r02.gif]
[www.itl.nist.gov/div898/handbook/apr/section2/apr222.dp]
[www.itl.nist.gov/div898/handbook/apr/section2/apr222.html]
[www.itl.nist.gov/div898/handbook/apr/section2/apr223_r01.gif]
[www.itl.nist.gov/div898/handbook/apr/section2/apr223_r02.gif]
[www.itl.nist.gov/div898/handbook/apr/section2/apr223_r03.gif]
[www.itl.nist.gov/div898/handbook/apr/section2/apr223_r04.gif]
[www.itl.nist.gov/div898/handbook/apr/section2/apr223.html]
[www.itl.nist.gov/div898/handbook/apr/section2/apr231.html]
[www.itl.nist.gov/div898/handbook/apr/section2/apr232.html]
[www.itl.nist.gov/div898/handbook/apr/section2/apr233.html]
[www.itl.nist.gov/div898/handbook/apr/section2/apr234.html]
[www.itl.nist.gov/div898/handbook/apr/section3/apr311.html]
[www.itl.nist.gov/div898/handbook/apr/section3/apr312.html]
[www.itl.nist.gov/div898/handbook/apr/section3/apr313.html]
[www.itl.nist.gov/div898/handbook/apr/section3/apr314.html]
[www.itl.nist.gov/div898/handbook/apr/section3/apr315.html]
[www.itl.nist.gov/div898/handbook/apr/section4/apr411.html]
[www.itl.nist.gov/div898/handbook/apr/section4/apr412.html]
[www.itl.nist.gov/div898/handbook/apr/section4/apr413_r01.gif]
[www.itl.nist.gov/div898/handbook/apr/section4/apr413_r02.gif]
[www.itl.nist.gov/div898/handbook/apr/section4/apr413_r03.gif]
[www.itl.nist.gov/div898/handbook/apr/section4/apr413.html]
[www.itl.nist.gov/div898/handbook/apr/section4/apr421_r01.gif]
[www.itl.nist.gov/div898/handbook/apr/section4/apr421_r02.gif]
[www.itl.nist.gov/div898/handbook/apr/section4/apr421.dp]
[www.itl.nist.gov/div898/handbook/apr/section4/apr421.html]
[www.itl.nist.gov/div898/handbook/apr/section4/apr422_r01.gif]
[www.itl.nist.gov/div898/handbook/apr/section4/apr422.html]
[www.itl.nist.gov/div898/handbook/apr/section4/gifs/deg1.gif]
[www.itl.nist.gov/div898/handbook/apr/section4/gifs/deg2.gif]
[www.itl.nist.gov/div898/handbook/apr/section4/apr423.dp]
[www.itl.nist.gov/div898/handbook/apr/section4/apr423.html]
[www.itl.nist.gov/div898/handbook/apr/section4/apr451.dp]
[www.itl.nist.gov/div898/handbook/apr/section4/apr451.html]
[www.itl.nist.gov/div898/handbook/apr/section4/apr452.html]
[www.itl.nist.gov/div898/handbook/apr/section4/apr453.html]
[www.itl.nist.gov/div898/handbook/toolaids/eq/index.html]
[www.itl.nist.gov/div898/handbook/eda/section3/gif100/xbarplot.gif]
[www.itl.nist.gov/div898/handbook/eda/section3/gif100/hazard.gif]
[www.itl.nist.gov/div898/handbook/eda/section3/gif100/duane.gif]
[www.itl.nist.gov/div898/handbook/pmc/section4/gif100/co2seas.gif]
[www.itl.nist.gov/div898/handbook/pmc/section4/gif100/co2spart.gif]
[www.itl.nist.gov/div898/handbook/eda/section3/gif100/dexint1.gif]
[www.itl.nist.gov/div898/handbook/eda/section3/gif100/spmatr2.gif]
[www.itl.nist.gov/div898/handbook/graphgal.html]
[www.itl.nist.gov/div898/handbook/quantgal.html]
[www.itl.nist.gov/div898/handbook/eda/section3/gif100/condplot.gif]
[www.itl.nist.gov/div898/handbook/pmd/section6/ldcll/plots/gra1a.100.gif]
[www.itl.nist.gov/div898/handbook/pmd/section6/pipeline/gif100/comp.gif]
[www.itl.nist.gov/div898/handbook/pmd/section6/ultrason/gif100/plot1.gif]
[www.itl.nist.gov/div898/handbook/pmd/section6/copper/gif100/plot1.gif]
[www.itl.nist.gov/div898/handbook/mpc/gif100/mpc617a.gif]
[www.itl.nist.gov/div898/handbook/mpc/gif100/mpc625c.gif]
[www.itl.nist.gov/div898/handbook/mpc/gif100/mpc633h.gif]
[www.itl.nist.gov/div898/handbook/pri/section6/splett3/gif100/dexmea.gif]
[www.itl.nist.gov/div898/handbook/pri/section6/inn/gif100/dexcon.gif]
[www.itl.nist.gov/div898/handbook/pmc/section6/gif100/cassmean.gif]
[www.itl.nist.gov/div898/handbook/ppc/section5/Furnace/gif100/bpzone.gif]
[www.itl.nist.gov/div898/handbook/ppc/section5/Machine/gif100/bpmach.gif]
[www.itl.nist.gov/div898/handbook/casestud.html]
[www.itl.nist.gov/div898/handbook/pmc/section6/negiz4/gif100/autocopl.gif]
[www.itl.nist.gov/div898/handbook/glossary.html]
[www.itl.nist.gov/div898/handbook/Rcode/R_Codes_and_Data.zip]
[www.itl.nist.gov/div898/handbook/dataplot.html]
[www.itl.nist.gov/div898/handbook/datasets/all_datasets.zip]
[www.itl.nist.gov/div898/handbook/datasets.html]
[www.itl.nist.gov/div898/handbook/toolaids/cb/index.html]
[www.itl.nist.gov/div898/handbook.zip]
[www.itl.nist.gov/div898/handbook/toolaids/cd.html]
[www.itl.nist.gov/div898/handbook/dpbrows.html]
[www.itl.nist.gov/div898/handbook/toolaids/eq/eq2.html]
[www.itl.nist.gov/div898/handbook/toolaids/eq/eq2.gif]
[www.itl.nist.gov/div898/handbook/cd.html]
[www.itl.nist.gov/div898/handbook/mpc/section3/mpc372a.gif]
[www.itl.nist.gov/div898/handbook/mpc/section3/mpc372.html]
[www.itl.nist.gov/div898/handbook/mpc/section3/mpc372b.gif]
[www.itl.nist.gov/div898/handbook/pmc/section5/pmc544.html]
[www.itl.nist.gov/div898/handbook/eda/section3/runseqpl.html]
[www.itl.nist.gov/div898/handbook/eda/section3/histogra.html]
[www.itl.nist.gov/div898/handbook/eda/section3/bihistog.html]
[www.itl.nist.gov/div898/handbook/eda/section3/probplot.html]
[www.itl.nist.gov/div898/handbook/eda/section3/lagplot.html]
[www.itl.nist.gov/div898/handbook/eda/section3/blockplo.html]
[www.itl.nist.gov/div898/handbook/eda/section3/youdplot.html]
[www.itl.nist.gov/div898/handbook/eda/section3/meanplot.html]
[www.itl.nist.gov/div898/handbook/eda/section3/sdplot.html]
[www.itl.nist.gov/div898/handbook/eda/section3/boxplot.html]
[www.itl.nist.gov/div898/handbook/eda/section3/scatterp.html]
[www.itl.nist.gov/div898/handbook/eda/section3/6plot.html]
[www.itl.nist.gov/div898/handbook/datasets/ANSCOMBE.html]
[www.itl.nist.gov/div898/handbook/eda/section3/4plot.html]
[www.itl.nist.gov/div898/handbook/eda/section3/ppccplot.html]
[www.itl.nist.gov/div898/handbook/eda/section3/contour.html]
[www.itl.nist.gov/div898/handbook/eda/section3/autocopl.html]
[www.itl.nist.gov/div898/handbook/eda/section3/spectrum.html]
[www.itl.nist.gov/div898/handbook/eda/section3/compdeam.html]
[www.itl.nist.gov/div898/handbook/eda/section3/compdeph.html]
[www.itl.nist.gov/div898/handbook/eda/section3/starplot.html]
[www.itl.nist.gov/div898/handbook/eda/section3/scatterb.html]
[www.itl.nist.gov/div898/handbook/eda/section3/scatterc.html]
[www.itl.nist.gov/div898/handbook/eda/section3/normprpl.html]
[www.itl.nist.gov/div898/handbook/datasets/RANDN.html]
[www.itl.nist.gov/div898/handbook/datasets/LEW.html]
[www.itl.nist.gov/div898/handbook/eda/section3/dexmeanp.html]
[www.itl.nist.gov/div898/handbook/eda/section3/bootplot.html]
[www.itl.nist.gov/div898/handbook/eda/section3/boxcoxli.html]
[www.itl.nist.gov/div898/handbook/pmc/section5/gifs/tsquare.gif]
[www.itl.nist.gov/div898/handbook/eda/section3/boxcox.html]
[www.itl.nist.gov/div898/handbook/eda/section3/dexsplot.html]
[www.itl.nist.gov/div898/handbook/eda/section3/dexsdplo.html]
[www.itl.nist.gov/div898/handbook/eda/section3/linecorr.html]
[www.itl.nist.gov/div898/handbook/eda/section3/lineinte.html]
[www.itl.nist.gov/div898/handbook/eda/section3/lineslop.html]
[www.itl.nist.gov/div898/handbook/eda/section3/linressd.html]
[www.itl.nist.gov/div898/handbook/eda/section3/qqplot.html]
[www.itl.nist.gov/div898/handbook/eda/section3/weibplot.html]
[www.itl.nist.gov/div898/handbook/eda/section3/eda33x.html]
[www.itl.nist.gov/div898/handbook/eda/section3/eqns/boxcoxeq.gif]
[www.itl.nist.gov/div898/handbook/eda/section3/gif/grubb.gif]
[www.itl.nist.gov/div898/handbook/eda/section3/eda35h1.dp]
[www.itl.nist.gov/div898/handbook/eda/section3/eda35h1.html]
[www.itl.nist.gov/div898/handbook/eda/section3/gif/tm.gif]
[www.itl.nist.gov/div898/handbook/eda/section3/eda35h2.dp]
[www.itl.nist.gov/div898/handbook/eda/section3/eda35h2.html]
[www.itl.nist.gov/div898/handbook/eda/section3/gif/gesd.gif]
[www.itl.nist.gov/div898/handbook/eda/section3/eda35h3.dp]
[www.itl.nist.gov/div898/handbook/eda/section3/eda35h3.html]
[www.itl.nist.gov/div898/handbook/eda/section3/eda33v.html]
[www.itl.nist.gov/div898/handbook/eda/section3/eda33w.html]
[www.itl.nist.gov/div898/handbook/mpc/section3/mpc37-2.html]
[www.itl.nist.gov/div898/handbook/mpc/section4/mpc444.html]
[www.itl.nist.gov/div898/handbook/mpc/section3/mpc3652a.gif]
[www.itl.nist.gov/div898/handbook/mpc/section3/mpc3652.html]
[www.itl.nist.gov/div898/handbook/main.html]
[www.itl.nist.gov/div898/handbook/datasets/MODEL-4_4_4.html]
[www.itl.nist.gov/div898/handbook/mpc/section3/mpc3652b.gif]
[www.itl.nist.gov/div898/handbook/pri/section3/pri3311.html]
[www.itl.nist.gov/div898/handbook/pri/section3/pri3324.html]
[www.itl.nist.gov/div898/handbook/pri/section1/pri14.html]
[www.itl.nist.gov/div898/handbook/datasets/CERAMIC.html]
[www.itl.nist.gov/div898/handbook/pri/section4/pri471-2.html]
[www.itl.nist.gov/div898/handbook/datasets/CATAPULT.html]
[www.itl.nist.gov/div898/handbook/pri/section4/pri472-2.html]
[www.itl.nist.gov/div898/handbook/datasets/IMPROVE-5_4_7_3.html]
[www.itl.nist.gov/div898/handbook/pri/section4/pri473-2.html]
[www.itl.nist.gov/div898/handbook/pri/section5/pri542-2.html]
[www.itl.nist.gov/div898/handbook/datasets/IMPROVE-5_5_6.html]
[www.itl.nist.gov/div898/handbook/datasets/BOXSPRIN.html]
[www.itl.nist.gov/div898/handbook/pri/section5/pri599c.html]
[www.itl.nist.gov/div898/handbook/datasets/MONITOR-6_5_2.html]
[www.itl.nist.gov/div898/handbook/eda/section3/scattera.html]
[www.itl.nist.gov/div898/handbook/datasets/COMPARE-7_1_6.html]
[www.itl.nist.gov/div898/handbook/prc/section4/prc44-2.html]
[www.itl.nist.gov/div898/handbook/pri/section5/eqns/yhatmod3.gif]
[www.itl.nist.gov/div898/handbook/prc/section4/eqns/mult1.gif]
[www.itl.nist.gov/div898/handbook/prc/section4/eqns/mult2.gif]
[www.itl.nist.gov/div898/handbook/prc/section4/eqns/mult6.gif]
[www.itl.nist.gov/div898/handbook/prc/section4/eqns/mult7.gif]
[www.itl.nist.gov/div898/handbook/prc/section4/eqns/mult8.gif]
[www.itl.nist.gov/div898/handbook/prc/section4/eqns/mult3.gif]
[www.itl.nist.gov/div898/handbook/prc/section4/eqns/mult4.gif]
[www.itl.nist.gov/div898/handbook/prc/section4/eqns/mult9.gif]
[www.itl.nist.gov/div898/handbook/prc/section4/eqns/mult10.gif]
[www.itl.nist.gov/div898/handbook/prc/section4/eqns/mult11.gif]
[www.itl.nist.gov/div898/handbook/prc/section4/eqns/mult16.gif]
[www.itl.nist.gov/div898/handbook/prc/section4/eqns/mult17.gif]
[www.itl.nist.gov/div898/handbook/prc/section4/eqns/mult18.gif]
[www.itl.nist.gov/div898/handbook/prc/section4/eqns/mult19.gif]
[www.itl.nist.gov/div898/handbook/prc/section4/eqns/varc.gif]
[www.itl.nist.gov/div898/handbook/prc/section4/eqns/mult20.gif]
[www.itl.nist.gov/div898/handbook/prc/section4/eqns/chat.gif]
[www.itl.nist.gov/div898/handbook/prc/section4/eqns/mult21.gif]
[www.itl.nist.gov/div898/handbook/prc/section4/eqns/mult22.gif]
[www.itl.nist.gov/div898/handbook/prc/section4/eqns/mult23.gif]
[www.itl.nist.gov/div898/handbook/prc/section4/eqns/mult24.gif]
[www.itl.nist.gov/div898/handbook/prc/section4/eqns/mult26.gif]
[www.itl.nist.gov/div898/handbook/prc/section4/prc426.html]
[www.itl.nist.gov/div898/handbook/prc/section4/eqns/mult27.gif]
[www.itl.nist.gov/div898/handbook/apr/section2/apr25-2.html]
[www.itl.nist.gov/div898/handbook/apr/section4/apr43-2.html]
[www.itl.nist.gov/div898/handbook/apr/section4/apr46-2.html]
[www.itl.nist.gov/div898/handbook/datasets/FLICKER.html]
[www.itl.nist.gov/div898/handbook/eda/section3/autocop1.html]
[www.itl.nist.gov/div898/handbook/eda/section3/autocop2.html]
[www.itl.nist.gov/div898/handbook/eda/section3/autocop3.html]
[www.itl.nist.gov/div898/handbook/eda/section3/autocop4.html]
[www.itl.nist.gov/div898/handbook/datasets/RANDWALK.html]
[www.itl.nist.gov/div898/handbook/datasets/JAHANMI2.html]
[www.itl.nist.gov/div898/handbook/datasets/SHEESLE2.html]
[www.itl.nist.gov/div898/handbook/datasets/RANDU.html]
[www.itl.nist.gov/div898/handbook/datasets/JONES.html]
[www.itl.nist.gov/div898/handbook/eda/section3/boxcoxno.html]
[www.itl.nist.gov/div898/handbook/datasets/AUTO83B.html]
[www.itl.nist.gov/div898/handbook/datasets/SPLETT2.html]
[www.itl.nist.gov/div898/handbook/eda/section3/scatplma.html]
[www.itl.nist.gov/div898/handbook/datasets/BOXBIKE2.html]
[www.itl.nist.gov/div898/handbook/datasets/MICHELSO.html]
[www.itl.nist.gov/div898/handbook/eda/section3/histogr1.html]
[www.itl.nist.gov/div898/handbook/eda/section3/histogr2.html]
[www.itl.nist.gov/div898/handbook/eda/section3/histogr3.html]
[www.itl.nist.gov/div898/handbook/eda/section3/histogr4.html]
[www.itl.nist.gov/div898/handbook/eda/section3/histogr5.html]
[www.itl.nist.gov/div898/handbook/eda/section3/histogr6.html]
[www.itl.nist.gov/div898/handbook/eda/section3/histogr7.html]
[www.itl.nist.gov/div898/handbook/eda/section3/histogr8.html]
[www.itl.nist.gov/div898/handbook/datasets/ZARR13.html]
[www.itl.nist.gov/div898/handbook/datasets/TUKLAMB.html]
[www.itl.nist.gov/div898/handbook/datasets/DZIUBA1.html]
[www.itl.nist.gov/div898/handbook/datasets/ZARR14.html]
[www.itl.nist.gov/div898/handbook/eda/section3/eda33e5-2.html]
[www.itl.nist.gov/div898/handbook/datasets/SUNSPOT.html]
[www.itl.nist.gov/div898/handbook/datasets/MORALES.html]
[www.itl.nist.gov/div898/handbook/datasets/MAVRO.html]
[www.itl.nist.gov/div898/handbook/eda/section3/lagplot1.html]
[www.itl.nist.gov/div898/handbook/eda/section3/lagplot2.html]
[www.itl.nist.gov/div898/handbook/eda/section3/lagplot3.html]
[www.itl.nist.gov/div898/handbook/eda/section3/lagplot4.html]
[www.itl.nist.gov/div898/handbook/datasets/NORMAL2.html]
[www.itl.nist.gov/div898/handbook/datasets/HSU12.html]
[www.itl.nist.gov/div898/handbook/datasets/DRAFT69.html]
[www.itl.nist.gov/div898/handbook/datasets/NORMAL.html]
[www.itl.nist.gov/div898/handbook/eda/section3/normprp1.html]
[www.itl.nist.gov/div898/handbook/eda/section3/normprp2.html]
[www.itl.nist.gov/div898/handbook/eda/section3/normprp3.html]
[www.itl.nist.gov/div898/handbook/eda/section3/normprp4.html]
[www.itl.nist.gov/div898/handbook/datasets/RANDDEX.html]
[www.itl.nist.gov/div898/handbook/datasets/RANDWEIB.html]
[www.itl.nist.gov/div898/handbook/datasets/BERGER1.html]
[www.itl.nist.gov/div898/handbook/eda/section3/scatter1.html]
[www.itl.nist.gov/div898/handbook/eda/section3/scatter2.html]
[www.itl.nist.gov/div898/handbook/eda/section3/scatter3.html]
[www.itl.nist.gov/div898/handbook/eda/section3/scatter4.html]
[www.itl.nist.gov/div898/handbook/eda/section3/scatter5.html]
[www.itl.nist.gov/div898/handbook/eda/section3/scatter6.html]
[www.itl.nist.gov/div898/handbook/eda/section3/scatter7.html]
[www.itl.nist.gov/div898/handbook/eda/section3/scatter8.html]
[www.itl.nist.gov/div898/handbook/eda/section3/scatter9.html]
[www.itl.nist.gov/div898/handbook/datasets/LEW3.html]
[www.itl.nist.gov/div898/handbook/datasets/CHWIRUT2.html]
[www.itl.nist.gov/div898/handbook/datasets/LUTHER.html]
[www.itl.nist.gov/div898/handbook/datasets/CURRIE.html]
[www.itl.nist.gov/div898/handbook/eda/section3/condplot.html]
[www.itl.nist.gov/div898/handbook/datasets/PR1.html]
[www.itl.nist.gov/div898/handbook/eda/section3/spectru1.html]
[www.itl.nist.gov/div898/handbook/eda/section3/spectru2.html]
[www.itl.nist.gov/div898/handbook/eda/section3/spectru3.html]
[www.itl.nist.gov/div898/handbook/datasets/PBF11.html]
[www.itl.nist.gov/div898/handbook/datasets/AUTO79.html]
[www.itl.nist.gov/div898/handbook/datasets/FULLER2.html]
[www.itl.nist.gov/div898/handbook/eda/section3/eda33v1.html]
[www.itl.nist.gov/div898/handbook/eda/section3/eda352-2.html]
[www.itl.nist.gov/div898/handbook/eda/section3/eda353-2.html]
[www.itl.nist.gov/div898/handbook/prc/section4/eqns/anova2.gif]
[www.itl.nist.gov/div898/handbook/prc/section4/eqns/anova3.gif]
[www.itl.nist.gov/div898/handbook/prc/section4/eqns/anova4.gif]
[www.itl.nist.gov/div898/handbook/prc/section4/prc421.html]
[www.itl.nist.gov/div898/handbook/eda/section3/eda354-2.html]
[www.itl.nist.gov/div898/handbook/datasets/GEAR.html]
[www.itl.nist.gov/div898/handbook/prc/section4/eqns/mod2way.gif]
[www.itl.nist.gov/div898/handbook/prc/section4/eqns/anova19.gif]
[www.itl.nist.gov/div898/handbook/prc/section4/prc427.html]
[www.itl.nist.gov/div898/handbook/eda/section3/eda355-2.html]
[www.itl.nist.gov/div898/handbook/eda/section3/eda357-2.html]
[www.itl.nist.gov/div898/handbook/eda/section3/eda358-2.html]
[www.itl.nist.gov/div898/handbook/eda/section3/eda359-2.html]
[www.itl.nist.gov/div898/handbook/eda/section3/eda35a-2.html]
[www.itl.nist.gov/div898/handbook/eda/section3/eda35c-2.html]
[www.itl.nist.gov/div898/handbook/eda/section3/eda35d-2.html]
[www.itl.nist.gov/div898/handbook/eda/section3/eda35e-2.html]
[www.itl.nist.gov/div898/handbook/eda/section3/eda35f-2.html]
[www.itl.nist.gov/div898/handbook/eda/section3/eda35g-2.html]
[www.itl.nist.gov/div898/handbook/eda/section3/dexcont.html]
[www.itl.nist.gov/div898/handbook/eda/section4/eda4213-2.html]
[www.itl.nist.gov/div898/handbook/eda/section4/randn4p/randn4p.html]
[www.itl.nist.gov/div898/handbook/eda/section4/eda4223-2.html]
[www.itl.nist.gov/div898/handbook/eda/section4/randu4p/randu4p.html]
[www.itl.nist.gov/div898/handbook/eda/section4/eda4233-2.html]
[www.itl.nist.gov/div898/handbook/eda/section4/randwalk/randwalk.html]
[www.itl.nist.gov/div898/handbook/eda/section4/eda4243-2.html]
[www.itl.nist.gov/div898/handbook/datasets/SOULEN.html]
[www.itl.nist.gov/div898/handbook/eda/section4/soulen/soulen.html]
[www.itl.nist.gov/div898/handbook/eda/section4/lew/lew.html]
[www.itl.nist.gov/div898/handbook/eda/section4/eda4263-2.html]
[www.itl.nist.gov/div898/handbook/eda/section4/mavro/mavro.html]
[www.itl.nist.gov/div898/handbook/eda/section4/eda4273-2.html]
[www.itl.nist.gov/div898/handbook/eda/section4/resistor/resistor.html]
[www.itl.nist.gov/div898/handbook/eda/section4/eda4283-2.html]
[www.itl.nist.gov/div898/handbook/eda/section4/zarr13/zarr13.html]
[www.itl.nist.gov/div898/handbook/eda/section4/eda4292-2.html]
[www.itl.nist.gov/div898/handbook/datasets/BIRNSAUN.html]
[www.itl.nist.gov/div898/handbook/eda/section4/eda4292_rcode.html]
[www.itl.nist.gov/div898/handbook/eda/section4/eda42a3-2.html]
[www.itl.nist.gov/div898/handbook/eda/section4/jahanmi2/jahanmi2.html]
[www.itl.nist.gov/div898/handbook/mpc/section2/mpc231d.html]
[www.itl.nist.gov/div898/handbook/mpc/section3/mpc341j.html]
[www.itl.nist.gov/div898/handbook/mpc/section3/mpc341k.html]
[www.itl.nist.gov/div898/handbook/mpc/section3/mpc341l.html]
[www.itl.nist.gov/div898/handbook/mpc/section3/mpc341m.html]
[www.itl.nist.gov/div898/handbook/mpc/section3/mpc341n.html]
[www.itl.nist.gov/div898/handbook/mpc/section3/mpc341o.html]
[www.itl.nist.gov/div898/handbook/mpc/section3/mpc342c.html]
[www.itl.nist.gov/div898/handbook/mpc/section3/mpc342d.html]
[www.itl.nist.gov/div898/handbook/mpc/section3/mpc342e.html]
[www.itl.nist.gov/div898/handbook/mpc/section3/mpc342f.html]
[www.itl.nist.gov/div898/handbook/mpc/section3/mpc3511-2.html]
[www.itl.nist.gov/div898/handbook/mpc/section3/mpc352-2.html]
[www.itl.nist.gov/div898/handbook/mpc/section3/mpc3521-2.html]
[www.itl.nist.gov/div898/handbook/datasets/MASS.html]
[www.itl.nist.gov/div898/handbook/mpc/section3/mpc3522a.html]
[www.itl.nist.gov/div898/handbook/pmd/section4/pmd454.html]
[www.itl.nist.gov/div898/handbook/mpc/section3/mpc365-2.html]
[www.itl.nist.gov/div898/handbook/datasets/LOADCELL.html]
[www.itl.nist.gov/div898/handbook/mpc/section3/mpc3671-2.html]
[www.itl.nist.gov/div898/handbook/mpc/section3/mpc3672-2.html]
[www.itl.nist.gov/div898/handbook/datasets/LINEWID.html]
[www.itl.nist.gov/div898/handbook/mpc/section3/mpc3673-2.html]
[www.itl.nist.gov/div898/handbook/datasets/CALIBRATIONLINE.html]
[www.itl.nist.gov/div898/handbook/mpc/section3/mpc371-2.html]
[www.itl.nist.gov/div898/handbook/datasets/MPC441.html]
[www.itl.nist.gov/div898/handbook/mpc/section4/mpc441-2.html]
[www.itl.nist.gov/div898/handbook/mpc/section4/mpc442-2.html]
[www.itl.nist.gov/div898/handbook/mpc/section4/mpc443a.html]
[www.itl.nist.gov/div898/handbook/mpc/section4/mpc443-2.html]
[www.itl.nist.gov/div898/handbook/datasets/MPC536.html]
[www.itl.nist.gov/div898/handbook/datasets/MPC5312.html]
[www.itl.nist.gov/div898/handbook/datasets/MPC61.html]
[www.itl.nist.gov/div898/handbook/datasets/MPC61A.html]
[www.itl.nist.gov/div898/handbook/datasets/MPC62.html]
[www.itl.nist.gov/div898/handbook/datasets/CHECK_STD.html]
[www.itl.nist.gov/div898/handbook/datasets/CHARACTERIZE-3_2_3_1.html]
[www.itl.nist.gov/div898/handbook/datasets/CHARACTERIZE-3_2_3_2.html]
[www.itl.nist.gov/div898/handbook/ppc/section5/ppc511-2.html]
[www.itl.nist.gov/div898/handbook/datasets/FURNACE.html]
[www.itl.nist.gov/div898/handbook/ppc/section5/Furnace/dpm51.html]
[www.itl.nist.gov/div898/handbook/ppc/section5/ppc521-2.html]
[www.itl.nist.gov/div898/handbook/datasets/MACHINE.html]
[www.itl.nist.gov/div898/handbook/ppc/section5/Machine/dpm52.html]
[www.itl.nist.gov/div898/handbook/datasets/CLB1.html]
[www.itl.nist.gov/div898/handbook/datasets/CLB2.html]
[www.itl.nist.gov/div898/handbook/datasets/LNSPCG.html]
[www.itl.nist.gov/div898/handbook/pmd/section1/plots/loesscmp.gif]
[www.itl.nist.gov/div898/handbook/pmd/section1/plots/loesscmp.r.gif]
[www.itl.nist.gov/div898/handbook/pmd/section1/dep/dep144.html]
[www.itl.nist.gov/div898/handbook/pmd/section8/eqns/r11.gif]
[www.itl.nist.gov/div898/handbook/pmd/section8/eqns/r11d.gif]
[www.itl.nist.gov/div898/handbook/pmd/section8/eqns/r11r.gif]
[www.itl.nist.gov/div898/handbook/pmd/section8/eqns/r11ha.gif]
[www.itl.nist.gov/div898/handbook/pmd/section8/eqns/r11va.gif]
[www.itl.nist.gov/div898/handbook/pmd/section8/pmd815.html]
[www.itl.nist.gov/div898/handbook/datasets/MODEL-4_4_5_2.html]
[www.itl.nist.gov/div898/handbook/pmd/section4/dep/dep442.html]
[www.itl.nist.gov/div898/handbook/pmd/section4/dep/dep443.html]
[www.itl.nist.gov/div898/handbook/pmd/section4/plots/mvpt9_f.gif]
[www.itl.nist.gov/div898/handbook/pmd/section4/plots/mvpt9_r.gif]
[www.itl.nist.gov/div898/handbook/pmd/section4/dep/dep443b.html]
[www.itl.nist.gov/div898/handbook/pmd/section4/plots/mipt04_f.gif]
[www.itl.nist.gov/div898/handbook/pmd/section4/plots/mipt04_r.gif]
[www.itl.nist.gov/div898/handbook/pmd/section4/plots/mipt05_f.gif]
[www.itl.nist.gov/div898/handbook/pmd/section4/plots/mipt05_r.gif]
[www.itl.nist.gov/div898/handbook/pmd/section4/dep/dep452.html]
[www.itl.nist.gov/div898/handbook/pmd/section4/plots/mipt09_f.gif]
[www.itl.nist.gov/div898/handbook/pmd/section4/plots/mipt09_r.gif]
[www.itl.nist.gov/div898/handbook/pmd/section4/plots/mipt10_f.gif]
[www.itl.nist.gov/div898/handbook/pmd/section4/plots/mipt10_r.gif]
[www.itl.nist.gov/div898/handbook/pmd/section4/dep/dep452b.html]
[www.itl.nist.gov/div898/handbook/pmd/section4/plots/mipt11_f.gif]
[www.itl.nist.gov/div898/handbook/pmd/section4/plots/mipt11_r.gif]
[www.itl.nist.gov/div898/handbook/pmd/section4/plots/mipt13_f.gif]
[www.itl.nist.gov/div898/handbook/pmd/section4/plots/mipt13_r.gif]
[www.itl.nist.gov/div898/handbook/pmd/section4/dep/dep452c.html]
[www.itl.nist.gov/div898/handbook/pmd/section6/pmd611-2.html]
[www.itl.nist.gov/div898/handbook/datasets/PONTIUS.html]
[www.itl.nist.gov/div898/handbook/pmd/section6/ldcll/dpm61.html]
[www.itl.nist.gov/div898/handbook/pmd/section6/pmd621-2.html]
[www.itl.nist.gov/div898/handbook/pmd/section6/pipeline/dpm62.html]
[www.itl.nist.gov/div898/handbook/pmd/section6/pmd631-2.html]
[www.itl.nist.gov/div898/handbook/pmd/section6/ultrason/dpm63.html]
[www.itl.nist.gov/div898/handbook/pmd/section6/pmd641-2.html]
[www.itl.nist.gov/div898/handbook/datasets/HAHN1.html]
[www.itl.nist.gov/div898/handbook/pmd/section8/eqns/r01.gif]
[www.itl.nist.gov/div898/handbook/pmd/section8/eqns/r01d.gif]
[www.itl.nist.gov/div898/handbook/pmd/section8/eqns/r01r.gif]
[www.itl.nist.gov/div898/handbook/pmd/section8/eqns/r01ha.gif]
[www.itl.nist.gov/div898/handbook/pmd/section8/eqns/r01va.gif]
[www.itl.nist.gov/div898/handbook/pmd/section8/pmd814.html]
[www.itl.nist.gov/div898/handbook/pmd/section6/copper/dpm64.html]
[www.itl.nist.gov/div898/handbook/datasets/IMPROVE-5_5_3_1_1.html]
[www.itl.nist.gov/div898/handbook/datasets/IMPROVE-5_5_3_1_3.html]
[www.itl.nist.gov/div898/handbook/datasets/IMPROVE-5_5_3_1_4.html]
[www.itl.nist.gov/div898/handbook/datasets/IMPROVE-5_5_3_2_2.html]
[www.itl.nist.gov/div898/handbook/pri/section5/pri5323-2.html]
[www.itl.nist.gov/div898/handbook/pri/section6/pri611-2.html]
[www.itl.nist.gov/div898/handbook/datasets/SPLETT3.html]
[www.itl.nist.gov/div898/handbook/pri/section6/splett3/dpm61.html]
[www.itl.nist.gov/div898/handbook/pri/section6/pri621-2.html]
[www.itl.nist.gov/div898/handbook/datasets/INN.html]
[www.itl.nist.gov/div898/handbook/pri/section6/inn/dpm62.html]
[www.itl.nist.gov/div898/handbook/datasets/MONITOR-6_3_3_1.html]
[www.itl.nist.gov/div898/handbook/datasets/MONITOR-6_3_3_2.html]
[www.itl.nist.gov/div898/handbook/datasets/MONITOR-6_4_3_6.html]
[www.itl.nist.gov/div898/handbook/datasets/MLCO2MON.html]
[www.itl.nist.gov/div898/handbook/datasets/ELNINO.html]
[www.itl.nist.gov/div898/handbook/pmc/section4/pmc4431-2.html]
[www.itl.nist.gov/div898/handbook/datasets/F_SERIES.html]
[www.itl.nist.gov/div898/handbook/datasets/G_SERIES.html]
[www.itl.nist.gov/div898/handbook/pmc/section4/pmc44a-2.html]
[www.itl.nist.gov/div898/handbook/datasets/GAS_FURNACE.html]
[www.itl.nist.gov/div898/handbook/pmc/section6/pmc611-2.html]
[www.itl.nist.gov/div898/handbook/datasets/LITHOGRA.html]
[www.itl.nist.gov/div898/handbook/pmc/section6/pmc613-2.html]
[www.itl.nist.gov/div898/handbook/pmc/section6/lithogra/lithogra.html]
[www.itl.nist.gov/div898/handbook/pmc/section6/pmc621-2.html]
[www.itl.nist.gov/div898/handbook/datasets/NEGIZ4.html]
[www.itl.nist.gov/div898/handbook/pmc/section6/negiz4/negiz4.html]
[www.itl.nist.gov/div898/handbook/prc/section2/prc232-2.html]
[www.itl.nist.gov/div898/handbook/prc/section2/prc241-2.html]
[www.itl.nist.gov/div898/handbook/prc/section2/prc263-2.html]
[www.itl.nist.gov/div898/handbook/prc/section4/prc474-2.html]
[www.itl.nist.gov/div898/handbook/apr/section1/apr121-2.html]
[www.itl.nist.gov/div898/handbook/apr/section1/apr161-2.html]
[www.itl.nist.gov/div898/handbook/apr/section1/apr162-2.html]
[www.itl.nist.gov/div898/handbook/apr/section1/apr163-2.html]
[www.itl.nist.gov/div898/handbook/apr/section1/apr164-2.html]
[www.itl.nist.gov/div898/handbook/apr/section1/apr165-2.html]
[www.itl.nist.gov/div898/handbook/apr/section1/apr166-2.html]
[www.itl.nist.gov/div898/handbook/apr/section1/apr191-2.html]
[www.itl.nist.gov/div898/handbook/apr/section1/apr192-2.html]
[www.itl.nist.gov/div898/handbook/apr/section2/apr221-2.html]
[www.itl.nist.gov/div898/handbook/apr/section2/apr222-2.html]
[www.itl.nist.gov/div898/handbook/apr/section2/apr223-2.html]
[www.itl.nist.gov/div898/handbook/pmc/section2/gifs/aoq.gif]
[www.itl.nist.gov/div898/handbook/pmc/section2/pmc222.html]
[www.itl.nist.gov/div898/handbook/pmc/section2/gifs/ati.gif]
[www.itl.nist.gov/div898/handbook/apr/section4/apr413-2.html]
[www.itl.nist.gov/div898/handbook/apr/section4/apr421-2.html]
[www.itl.nist.gov/div898/handbook/apr/section4/apr422-2.html]
[www.itl.nist.gov/div898/handbook/apr/section4/apr423-2.html]
[www.itl.nist.gov/div898/handbook/apr/section4/apr451-2.html]
[www.itl.nist.gov/div898/handbook/apr/section4/apr452-2.html]
[www.itl.nist.gov/div898/handbook/toolaids/eq/eq1.gif]
[www.itl.nist.gov/div898/handbook/toolaids/eq/eq1.html]
[www.itl.nist.gov/div898/handbook/toolaids/eq/eq3a.gif]
[www.itl.nist.gov/div898/handbook/toolaids/eq/eq3.gif]
[www.itl.nist.gov/div898/handbook/toolaids/eq/eq3.html]
[www.itl.nist.gov/div898/handbook/toolaids/eq/eq4.html]
[www.itl.nist.gov/div898/handbook/toolaids/eq/eq4.gif]
[www.itl.nist.gov/div898/handbook/toolaids/eq/eq5.gif]
[www.itl.nist.gov/div898/handbook/toolaids/eq/eq5.html]
[www.itl.nist.gov/div898/handbook/datasets/CO2.html]
[www.itl.nist.gov/div898/handbook/datasets/LOESSCMP.html]
[www.itl.nist.gov/div898/handbook/datasets/MPC61B.html]
[www.itl.nist.gov/div898/handbook/datasets/ROSNER.html]
[www.itl.nist.gov/div898/handbook/datasets/TIETMOO1.html]
[www.itl.nist.gov/div898/handbook/datasets/UGIANSKY.html]
[www.itl.nist.gov/div898/handbook/toolaids/cb/course-builder.perl]
[www.itl.nist.gov/div898/handbook/toolaids/cb/install.html]
[www.itl.nist.gov/div898/handbook/toolaids/cb/gif/initial_page.jpg]
[www.itl.nist.gov/div898/handbook/toolaids/cb/gif/add_pages.jpg]
[www.itl.nist.gov/div898/handbook/toolaids/cb/gif/save_pages.jpg]
[www.itl.nist.gov/div898/handbook/toolaids/cb/gif/save_course.jpg]
[www.itl.nist.gov/div898/handbook/toolaids/cb/gif/course_1.jpg]
[www.itl.nist.gov/div898/handbook/toolaids/cb/userdoc.html]
[www.itl.nist.gov/div898/handbook/toolaids/index.html]
[www.itl.nist.gov/div898/handbook/eda/section3/eda35h1-2.html]
[www.itl.nist.gov/div898/handbook/eda/section3/eda35h2-2.html]
[www.itl.nist.gov/div898/handbook/eda/section3/eda35h3-2.html]
[www.itl.nist.gov/div898/handbook/mpc/section3/mpc3653a.gif]
[www.itl.nist.gov/div898/handbook/mpc/section3/mpc3653b.gif]
[www.itl.nist.gov/div898/handbook/mpc/section3/mpc3653c.gif]
[www.itl.nist.gov/div898/handbook/mpc/section3/mpc3653.html]
[www.itl.nist.gov/div898/handbook/pri/section3/pri3312.html]
[www.itl.nist.gov/div898/handbook/pri/section3/pri3325.html]
[www.itl.nist.gov/div898/handbook/pri/section3/pri34.html]
[www.itl.nist.gov/div898/handbook/prc/section4/eqns/anova9.gif]
[www.itl.nist.gov/div898/handbook/prc/section4/prc425.html]
[www.itl.nist.gov/div898/handbook/prc/section4/eqns/anova14.gif]
[www.itl.nist.gov/div898/handbook/prc/section4/prc422.html]
[www.itl.nist.gov/div898/handbook/prc/section4/gifs/layout2.gif]
[www.itl.nist.gov/div898/handbook/prc/section4/eqns/anova20.gif]
[www.itl.nist.gov/div898/handbook/prc/section4/eqns/anova21.gif]
[www.itl.nist.gov/div898/handbook/prc/section4/eqns/anova22.gif]
[www.itl.nist.gov/div898/handbook/prc/section4/prc428.html]
[www.itl.nist.gov/div898/handbook/eda/index.html]
[www.itl.nist.gov/div898/handbook/prc/section4/eqns/anova23.gif]
[www.itl.nist.gov/div898/handbook/pmd/section4/pmd455.html]
[www.itl.nist.gov/div898/handbook/pmd/section8/eqns/cb.gif]
[www.itl.nist.gov/div898/handbook/pmd/section8/eqns/cbd.gif]
[www.itl.nist.gov/div898/handbook/pmd/section8/eqns/cbr.gif]
[www.itl.nist.gov/div898/handbook/pmd/section8/pmd813.html]
[www.itl.nist.gov/div898/handbook/pmc/section2/pmc221.html]
[www.itl.nist.gov/div898/handbook/toolaids/navi.html]
[www.itl.nist.gov/div898/handbook/toolaids/index2.html]
[www.itl.nist.gov/div898/handbook/pri/section3/pri3313.html]
[www.itl.nist.gov/div898/handbook/pri/section3/pri3326.html]
[www.itl.nist.gov/div898/handbook/prc/section4/eqns/anova10.gif]
[www.itl.nist.gov/div898/handbook/prc/section4/eqns/anova11.gif]
[www.itl.nist.gov/div898/handbook/prc/section4/eqns/anova12.gif]
[www.itl.nist.gov/div898/handbook/prc/section4/eqns/anova13.gif]
[www.itl.nist.gov/div898/handbook/prc/section4/eqns/errorvar.gif]
[www.itl.nist.gov/div898/handbook/prc/section4/prc424.html]
[www.itl.nist.gov/div898/handbook/prc/section4/prc423.html]
[www.itl.nist.gov/div898/handbook/pmd/section4/pmd456.html]
[www.itl.nist.gov/div898/handbook/toolaids/stoc.html]
[www.itl.nist.gov/div898/handbook/toolaids/dtoc.html]
[www.itl.nist.gov/div898/handbook/toolaids/search.html]
[www.itl.nist.gov/div898/handbook/toolaids/acknwldg.html]
[www.itl.nist.gov/div898/handbook/toolaids/toolaids.html]
[www.itl.nist.gov/div898/handbook/toolaids/howto.html]
[www.itl.nist.gov/div898/handbook/pri/section3/eqns/fractab1.gif]
[www.itl.nist.gov/div898/handbook/pri/section3/eqns/fractab2.gif]
[www.itl.nist.gov/div898/handbook/pri/section3/eqns/fractab3.gif]
[www.itl.nist.gov/div898/handbook/pri/section3/eqns/fractab4.gif]
[www.itl.nist.gov/div898/handbook/pri/section3/pri3327.html]
[www.itl.nist.gov/div898/handbook/pmd/section4/pmd457.html]
[www.itl.nist.gov/div898/handbook/toolaids/referenc.html]
[www.itl.nist.gov/div898/handbook/toolaids/graphgal.html]
[www.itl.nist.gov/div898/handbook/toolaids/quantgal.html]
[www.itl.nist.gov/div898/handbook/toolaids/casestud.html]
[www.itl.nist.gov/div898/handbook/toolaids/glossary.html]
[www.itl.nist.gov/div898/handbook/toolaids/dataplot.html]
[www.itl.nist.gov/div898/handbook/toolaids/datasets.html]
[www.itl.nist.gov/div898/handbook/toolaids/changes.html]
[www.itl.nist.gov/div898/handbook/toolaids/dpbrows.html]
[www.itl.nist.gov/div898/handbook/navi.html]
[www.itl.nist.gov/div898/handbook/stoc.html]
[www.itl.nist.gov/div898/handbook/nist-header-footer/css/nist-combined.css]
[www.itl.nist.gov/div898/handbook/changes.html]
[www.itl.nist.gov/div898/handbook/index-2.html]
[www.itl.nist.gov/div898/handbook/eda/section1/eda11.html]
[www.itl.nist.gov/div898/handbook/css/jquery.leaveNotice.css]
[www.itl.nist.gov/div898/handbook/toolaids/eq/index.html]
[www.itl.nist.gov/div898/handbook/mpc/section3/mpc372.html]
[www.itl.nist.gov/div898/handbook/eda/section3/4plot.html]
[www.itl.nist.gov/div898/handbook/datasets/RANDN.html]
[www.itl.nist.gov/div898/handbook/eda/section3/dexmeanp.html]
[www.itl.nist.gov/div898/handbook/eda/section3/bootplot.html]
[www.itl.nist.gov/div898/handbook/eda/section3/boxcoxli.html]
[www.itl.nist.gov/div898/handbook/eda/section3/boxcox.html]
[www.itl.nist.gov/div898/handbook/eda/section3/dexsplot.html]
[www.itl.nist.gov/div898/handbook/eda/section3/dexsdplo.html]
[www.itl.nist.gov/div898/handbook/eda/section3/linecorr.html]
[www.itl.nist.gov/div898/handbook/eda/section3/lineinte.html]
[www.itl.nist.gov/div898/handbook/eda/section3/lineslop.html]
[www.itl.nist.gov/div898/handbook/eda/section3/linressd.html]
[www.itl.nist.gov/div898/handbook/eda/section3/qqplot.html]
[www.itl.nist.gov/div898/handbook/eda/section3/weibplot.html]
[www.itl.nist.gov/div898/handbook/eda/section3/eda33x.html]
[www.itl.nist.gov/div898/handbook/eda/section3/eda35h1.html]
[www.itl.nist.gov/div898/handbook/eda/section3/eda33v.html]
[www.itl.nist.gov/div898/handbook/mpc/section3/mpc37-2.html]
[www.itl.nist.gov/div898/handbook/mpc/section4/mpc444.html]
[cdn.mathjax.org/mathjax/latest/MathJax47f2.js]
[www.itl.nist.gov/div898/handbook/datasets/MODEL-4_4_4.html]
[www.itl.nist.gov/div898/handbook/pri/section3/pri3311.html]
[www.itl.nist.gov/div898/handbook/pri/section3/pri3324.html]
[www.itl.nist.gov/div898/handbook/pri/section1/pri14.html]
[www.itl.nist.gov/div898/handbook/datasets/CATAPULT.html]
[www.itl.nist.gov/div898/handbook/datasets/IMPROVE-5_4_7_3.html]
[www.itl.nist.gov/div898/handbook/pri/section5/pri542-2.html]
[www.itl.nist.gov/div898/handbook/datasets/IMPROVE-5_5_6.html]
[www.itl.nist.gov/div898/handbook/datasets/BOXSPRIN.html]
[www.itl.nist.gov/div898/handbook/datasets/MONITOR-6_5_2.html]
[www.itl.nist.gov/div898/handbook/eda/section3/scattera.html]
[www.itl.nist.gov/div898/handbook/prc/section4/prc44-2.html]
[www.itl.nist.gov/div898/handbook/apr/section4/apr43-2.html]
[www.itl.nist.gov/div898/handbook/apr/section4/apr46-2.html]
[www.itl.nist.gov/div898/handbook/datasets/FLICKER.html]
[www.itl.nist.gov/div898/handbook/datasets/RANDWALK.html]
[www.itl.nist.gov/div898/handbook/datasets/JAHANMI2.html]
[www.itl.nist.gov/div898/handbook/datasets/SHEESLE2.html]
[www.itl.nist.gov/div898/handbook/datasets/RANDU.html]
[www.itl.nist.gov/div898/handbook/datasets/JONES.html]
[www.itl.nist.gov/div898/handbook/datasets/AUTO83B.html]
[www.itl.nist.gov/div898/handbook/datasets/SPLETT2.html]
[www.itl.nist.gov/div898/handbook/eda/section3/scatplma.html]
[www.itl.nist.gov/div898/handbook/datasets/BOXBIKE2.html]
[www.itl.nist.gov/div898/handbook/datasets/MICHELSO.html]
[www.itl.nist.gov/div898/handbook/datasets/TUKLAMB.html]
[www.itl.nist.gov/div898/handbook/datasets/DZIUBA1.html]
[www.itl.nist.gov/div898/handbook/datasets/ZARR14.html]
[www.itl.nist.gov/div898/handbook/eda/section3/eda33e5-2.html]
[www.itl.nist.gov/div898/handbook/datasets/SUNSPOT.html]
[www.itl.nist.gov/div898/handbook/datasets/MAVRO.html]
[www.itl.nist.gov/div898/handbook/datasets/NORMAL2.html]
[www.itl.nist.gov/div898/handbook/datasets/HSU12.html]
[www.itl.nist.gov/div898/handbook/datasets/DRAFT69.html]
[www.itl.nist.gov/div898/handbook/datasets/NORMAL.html]
[www.itl.nist.gov/div898/handbook/datasets/RANDDEX.html]
[www.itl.nist.gov/div898/handbook/datasets/RANDWEIB.html]
[www.itl.nist.gov/div898/handbook/datasets/BERGER1.html]
[www.itl.nist.gov/div898/handbook/datasets/LEW3.html]
[www.itl.nist.gov/div898/handbook/datasets/CHWIRUT2.html]
[www.itl.nist.gov/div898/handbook/datasets/LUTHER.html]
[www.itl.nist.gov/div898/handbook/datasets/CURRIE.html]
[www.itl.nist.gov/div898/handbook/datasets/PR1.html]
[www.itl.nist.gov/div898/handbook/eda/section3/spectru1.html]
[www.itl.nist.gov/div898/handbook/datasets/PBF11.html]
[www.itl.nist.gov/div898/handbook/datasets/FULLER2.html]
[www.itl.nist.gov/div898/handbook/eda/section3/eda33v1.html]
[c328740.ssl.cf1.rackcdn.com/mathjax/latest/MathJaxdda6.html]
[www.itl.nist.gov/div898/handbook/eda/section3/eda352-2.html]
[www.itl.nist.gov/div898/handbook/eda/section3/eda353-2.html]
[www.itl.nist.gov/div898/handbook/eda/section3/eda354-2.html]
[www.itl.nist.gov/div898/handbook/eda/section3/eda355-2.html]
[www.itl.nist.gov/div898/handbook/eda/section3/eda357-2.html]
[www.itl.nist.gov/div898/handbook/eda/section3/eda358-2.html]
[www.itl.nist.gov/div898/handbook/eda/section3/eda359-2.html]
[www.itl.nist.gov/div898/handbook/eda/section3/eda35c-2.html]
[www.itl.nist.gov/div898/handbook/eda/section3/eda35d-2.html]
[www.itl.nist.gov/div898/handbook/eda/section3/eda35e-2.html]
[www.itl.nist.gov/div898/handbook/eda/section3/eda35g-2.html]
[www.itl.nist.gov/div898/handbook/eda/section4/eda4213-2.html]
[www.itl.nist.gov/div898/handbook/eda/section4/randn4p/randn4p.html]
[www.itl.nist.gov/div898/handbook/eda/section4/eda4223-2.html]
[www.itl.nist.gov/div898/handbook/eda/section4/eda4233-2.html]
[www.itl.nist.gov/div898/handbook/eda/section4/randwalk/randwalk.html]
[www.itl.nist.gov/div898/handbook/eda/section4/eda4243-2.html]
[www.itl.nist.gov/div898/handbook/eda/section4/soulen/soulen.html]
[www.itl.nist.gov/div898/handbook/eda/section4/lew/lew.html]
[www.itl.nist.gov/div898/handbook/eda/section4/eda4263-2.html]
[www.itl.nist.gov/div898/handbook/eda/section4/mavro/mavro.html]
[www.itl.nist.gov/div898/handbook/eda/section4/eda4273-2.html]
[www.itl.nist.gov/div898/handbook/eda/section4/resistor/resistor.html]
[www.itl.nist.gov/div898/handbook/eda/section4/eda4283-2.html]
[www.itl.nist.gov/div898/handbook/eda/section4/zarr13/zarr13.html]
[www.itl.nist.gov/div898/handbook/eda/section4/eda4292-2.html]
[www.itl.nist.gov/div898/handbook/eda/section4/eda4292_rcode.html]
[www.itl.nist.gov/div898/handbook/eda/section4/eda42a3-2.html]
[www.itl.nist.gov/div898/handbook/eda/section4/jahanmi2/jahanmi2.html]
[www.itl.nist.gov/div898/handbook/mpc/section2/mpc231d.html]
[www.itl.nist.gov/div898/handbook/mpc/section3/mpc341j.html]
[www.itl.nist.gov/div898/handbook/mpc/section3/mpc3511-2.html]
[www.itl.nist.gov/div898/handbook/mpc/section3/mpc352-2.html]
[www.itl.nist.gov/div898/handbook/mpc/section3/mpc3521-2.html]
[www.itl.nist.gov/div898/handbook/mpc/section3/mpc3522a.html]
[www.itl.nist.gov/div898/handbook/pmd/section4/pmd454.html]
[www.itl.nist.gov/div898/handbook/mpc/section3/mpc365-2.html]
[www.itl.nist.gov/div898/handbook/mpc/section3/mpc3671-2.html]
[www.itl.nist.gov/div898/handbook/mpc/section3/mpc3672-2.html]
[www.itl.nist.gov/div898/handbook/datasets/CALIBRATIONLINE.html]
[www.itl.nist.gov/div898/handbook/mpc/section3/mpc371-2.html]
[www.itl.nist.gov/div898/handbook/datasets/MPC441.html]
[www.itl.nist.gov/div898/handbook/mpc/section4/mpc441-2.html]
[www.itl.nist.gov/div898/handbook/mpc/section4/mpc442-2.html]
[www.itl.nist.gov/div898/handbook/mpc/section4/mpc443-2.html]
[www.itl.nist.gov/div898/handbook/datasets/MPC536.html]
[www.itl.nist.gov/div898/handbook/datasets/MPC61.html]
[www.itl.nist.gov/div898/handbook/datasets/MPC62.html]
[www.itl.nist.gov/div898/handbook/datasets/CHECK_STD.html]
[www.itl.nist.gov/div898/handbook/datasets/CHARACTERIZE-3_2_3_1.html]
[www.itl.nist.gov/div898/handbook/ppc/section5/ppc511-2.html]
[www.itl.nist.gov/div898/handbook/ppc/section5/Furnace/dpm51.html]
[www.itl.nist.gov/div898/handbook/ppc/section5/ppc521-2.html]
[www.itl.nist.gov/div898/handbook/ppc/section5/Machine/dpm52.html]
[www.itl.nist.gov/div898/handbook/datasets/CLB1.html]
[www.itl.nist.gov/div898/handbook/datasets/CLB2.html]
[www.itl.nist.gov/div898/handbook/datasets/LNSPCG.html]
[www.itl.nist.gov/div898/handbook/pmd/section8/pmd815.html]
[www.itl.nist.gov/div898/handbook/datasets/MODEL-4_4_5_2.html]
[www.itl.nist.gov/div898/handbook/pmd/section4/dep/dep443.html]
[www.itl.nist.gov/div898/handbook/pmd/section4/dep/dep443b.html]
[www.itl.nist.gov/div898/handbook/pmd/section4/dep/dep452.html]
[www.itl.nist.gov/div898/handbook/pmd/section4/dep/dep452b.html]
[www.itl.nist.gov/div898/handbook/pmd/section6/pmd611-2.html]
[www.itl.nist.gov/div898/handbook/datasets/PONTIUS.html]
[www.itl.nist.gov/div898/handbook/pmd/section6/ldcll/dpm61.html]
[www.itl.nist.gov/div898/handbook/pmd/section6/pmd621-2.html]
[www.itl.nist.gov/div898/handbook/pmd/section6/pipeline/dpm62.html]
[www.itl.nist.gov/div898/handbook/pmd/section6/pmd631-2.html]
[www.itl.nist.gov/div898/handbook/pmd/section6/ultrason/dpm63.html]
[www.itl.nist.gov/div898/handbook/pmd/section6/pmd641-2.html]
[www.itl.nist.gov/div898/handbook/pmd/section6/copper/dpm64.html]
[www.itl.nist.gov/div898/handbook/datasets/IMPROVE-5_5_3_1_1.html]
[www.itl.nist.gov/div898/handbook/datasets/IMPROVE-5_5_3_1_3.html]
[www.itl.nist.gov/div898/handbook/datasets/IMPROVE-5_5_3_2_2.html]
[www.itl.nist.gov/div898/handbook/pri/section5/pri5323-2.html]
[www.itl.nist.gov/div898/handbook/pri/section6/pri611-2.html]
[www.itl.nist.gov/div898/handbook/pri/section6/splett3/dpm61.html]
[www.itl.nist.gov/div898/handbook/pri/section6/pri621-2.html]
[www.itl.nist.gov/div898/handbook/pri/section6/inn/dpm62.html]
[www.itl.nist.gov/div898/handbook/datasets/MONITOR-6_3_3_1.html]
[www.itl.nist.gov/div898/handbook/datasets/MONITOR-6_3_3_2.html]
[www.itl.nist.gov/div898/handbook/datasets/MONITOR-6_4_3_6.html]
[www.itl.nist.gov/div898/handbook/datasets/MLCO2MON.html]
[www.itl.nist.gov/div898/handbook/pmc/section4/pmc4431-2.html]
[www.itl.nist.gov/div898/handbook/datasets/F_SERIES.html]
[www.itl.nist.gov/div898/handbook/datasets/G_SERIES.html]
[www.itl.nist.gov/div898/handbook/pmc/section4/pmc44a-2.html]
[www.itl.nist.gov/div898/handbook/pmc/section6/pmc611-2.html]
[www.itl.nist.gov/div898/handbook/pmc/section6/pmc613-2.html]
[www.itl.nist.gov/div898/handbook/pmc/section6/lithogra/lithogra.html]
[www.itl.nist.gov/div898/handbook/pmc/section6/pmc621-2.html]
[www.itl.nist.gov/div898/handbook/pmc/section6/negiz4/negiz4.html]
[www.itl.nist.gov/div898/handbook/prc/section2/prc232-2.html]
[www.itl.nist.gov/div898/handbook/prc/section2/prc241-2.html]
[www.itl.nist.gov/div898/handbook/prc/section2/prc263-2.html]
[www.itl.nist.gov/div898/handbook/prc/section4/prc474-2.html]
[www.itl.nist.gov/div898/handbook/apr/section1/apr121-2.html]
[www.itl.nist.gov/div898/handbook/apr/section1/apr161-2.html]
[www.itl.nist.gov/div898/handbook/apr/section1/apr162-2.html]
[www.itl.nist.gov/div898/handbook/apr/section1/apr163-2.html]
[www.itl.nist.gov/div898/handbook/apr/section1/apr164-2.html]
[www.itl.nist.gov/div898/handbook/apr/section1/apr165-2.html]
[www.itl.nist.gov/div898/handbook/apr/section1/apr166-2.html]
[www.itl.nist.gov/div898/handbook/apr/section1/apr191-2.html]
[www.itl.nist.gov/div898/handbook/apr/section1/apr192-2.html]
[www.itl.nist.gov/div898/handbook/apr/section2/apr221-2.html]
[www.itl.nist.gov/div898/handbook/apr/section2/apr222-2.html]
[www.itl.nist.gov/div898/handbook/apr/section2/apr223-2.html]
[www.itl.nist.gov/div898/handbook/apr/section4/apr413-2.html]
[www.itl.nist.gov/div898/handbook/apr/section4/apr421-2.html]
[www.itl.nist.gov/div898/handbook/apr/section4/apr423-2.html]
[www.itl.nist.gov/div898/handbook/apr/section4/apr451-2.html]
[www.itl.nist.gov/div898/handbook/datasets/CO2.html]
[www.itl.nist.gov/div898/handbook/eda/section3/eda35h1-2.html]
[www.itl.nist.gov/div898/handbook/eda/section3/eda35h2-2.html]
[www.itl.nist.gov/div898/handbook/eda/section3/eda35h3-2.html]
[www.itl.nist.gov/div898/handbook/pri/section3/pri3312.html]
[www.itl.nist.gov/div898/handbook/prc/section4/prc425.html]
[www.itl.nist.gov/div898/handbook/prc/section4/prc422.html]
[www.itl.nist.gov/div898/handbook/prc/section4/prc428.html]
[www.itl.nist.gov/div898/handbook/eda/index.html]
[www.itl.nist.gov/div898/handbook/pmd/section8/pmd813.html]
[www.itl.nist.gov/div898/handbook/pmc/section2/pmc221.html]
[www.itl.nist.gov/div898/handbook/toolaids/navi.html]
[www.itl.nist.gov/div898/handbook/pri/section3/pri3313.html]
[www.itl.nist.gov/div898/handbook/pmd/section4/pmd456.html]
[www.itl.nist.gov/div898/handbook/mpc/section6/mpc617f.dp]
[www.itl.nist.gov/div898/handbook/mpc/section6/mpc617i.dp]
[www.itl.nist.gov/div898/handbook/mpc/section6/mpc633i.dp]
[www.itl.nist.gov/div898/handbook/pmd/section6/ldcll/dpmacros/clbints2.dp]
[www.itl.nist.gov/div898/handbook/pmd/section6/ldcll/dpmacros/mrfn1.dp]
[www.itl.nist.gov/div898/handbook/pri/section6/splett3/dpmacros/order.dp]
[www.itl.nist.gov/div898/handbook/toolaids/stoc.html]
[www.itl.nist.gov/div898/handbook/pmd/section4/pmd457.html]
[www.itl.nist.gov/div898/handbook/pri/section6/inn/dpmacros/dexeff.dp]
[ftp.nist.gov/pub/dataplot/doc/dataplot.web.tar.Z]
